from,to, exports ,exports.log
0,1,169,2.227886705
0,43,435,2.638489257
0,2,761,2.881384657
0,3,203,2.307496038
0,4,"1,894",3.277379975
0,54,57,1.755874856
0,55,6,0.77815125
0,57,39,1.591064607
0,5,"1,789",3.252610341
0,6,"1,092",3.038222638
0,7,"79,207",4.898763565
0,8,8,0.903089987
0,9,154,2.187520721
0,10,"1,594",3.202488317
0,11,320,2.505149978
0,12,701,2.845718018
0,13,9,0.954242509
0,52,422,2.625312451
0,14,109,2.037426498
0,15,"1,296",3.112605002
0,16,"3,587",3.554731377
0,17,31,1.491361694
0,61,"2,455",3.390051496
0,18,8,0.903089987
0,19,26,1.414973348
0,20,"6,605",3.819872822
0,21,"8,145",3.910891089
0,22,262,2.418301291
0,23,747,2.873320602
0,24,"48,532",4.686028189
0,48,"2,238",3.349860082
0,56,10,1
0,25,"16,903",4.227963791
0,53,19,1.278753601
0,26,7,0.84509804
0,27,80,1.903089987
0,28,7,0.84509804
0,44,"4,542",3.65724713
0,58,50,1.698970004
0,29,445,2.648360011
0,30,5,0.698970004
0,49,35,1.544068044
0,31,962,2.983175072
0,32,225,2.352182518
0,59,54,1.73239376
0,51,545,2.736396502
0,45,"1,498",3.175511813
0,33,643,2.808210973
0,34,21,1.322219295
0,35,81,1.908485019
0,36,279,2.445604203
0,60,"3,913",3.592509848
0,50,247,2.392696953
0,37,51,1.707570176
0,38,36,1.556302501
0,39,377,2.57634135
0,41,"11,967",4.077985291
0,46,"4,939",3.693639026
0,40,659,2.818885415
0,42,"10,232",4.009960531
0,47,"2,508",3.399327532
1,0,"1,084",3.035029282
1,43,81,1.908485019
1,2,"2,637",3.42111013
1,3,"1,362",3.134177108
1,4,"1,028",3.011993115
1,54,2,0.301029996
1,55,20,1.301029996
1,57,13,1.113943352
1,5,"1,679",3.225050696
1,6,"10,466",4.01978073
1,7,"5,663",3.753046562
1,8,141,2.149219113
1,9,"8,342",3.921270186
1,10,"68,375",4.834897339
1,11,912,2.959994838
1,12,"2,734",3.43679851
1,13,135,2.130333768
1,52,6,0.77815125
1,14,802,2.904174368
1,15,"7,152",3.854427506
1,16,"4,719",3.673849977
1,17,492,2.691965103
1,61,77,1.886490725
1,18,"2,229",3.348110068
1,19,"12,990",4.113609151
1,20,296,2.471291711
1,21,917,2.962369336
1,22,574,2.758911892
1,23,"12,729",4.104794286
1,24,"1,869",3.271609301
1,48,279,2.445604203
1,56,51,1.707570176
1,25,"1,501",3.176380692
1,53,9,0.954242509
1,26,240,2.380211242
1,27,420,2.62324929
1,28,201,2.303196057
1,44,466,2.668385917
1,58,5,0.698970004
1,29,900,2.954242509
1,30,192,2.283301229
1,49,14,1.146128036
1,31,"2,670",3.426511261
1,32,842,2.925312091
1,59,25,1.397940009
1,51,266,2.424881637
1,45,190,2.278753601
1,33,"5,614",3.749272408
1,34,394,2.595496222
1,35,"3,533",3.548143637
1,36,"2,853",3.455301772
1,60,660,2.819543936
1,50,104,2.017033339
1,37,"6,178",3.790847904
1,38,"3,960",3.597695186
1,39,"2,410",3.382017043
1,41,502,2.700703717
1,46,303,2.481442629
1,40,"2,319",3.365300749
1,42,"9,460",3.975891136
1,47,314,2.496929648
43,0,288,2.459392488
43,1,50,1.698970004
43,2,841,2.924795996
43,3,7,0.84509804
43,4,165,2.217483944
43,54,1,0
43,55,6,0.77815125
43,57,6,0.77815125
43,5,929,2.968015714
43,6,469,2.671172843
43,7,583,2.765668555
43,8,6,0.77815125
43,9,56,1.748188027
43,10,"4,888",3.689131197
43,11,354,2.549003262
43,12,989,2.995196292
43,13,10,1
43,52,0,#NUM!
43,14,50,1.698970004
43,15,"1,377",3.13893394
43,16,"2,000",3.301029996
43,17,19,1.278753601
43,61,161,2.206825876
43,18,6,0.77815125
43,19,13,1.113943352
43,20,118,2.071882007
43,21,513,2.710117365
43,22,173,2.238046103
43,23,836,2.922206277
43,24,793,2.899273187
43,48,49,1.69019608
43,56,3,0.477121255
43,25,363,2.559906625
43,53,7,0.84509804
43,26,37,1.568201724
43,27,4,0.602059991
43,28,9,0.954242509
43,44,39,1.591064607
43,58,4,0.602059991
43,29,89,1.949390007
43,30,5,0.698970004
43,49,2,0.301029996
43,31,796,2.900913068
43,32,105,2.021189299
43,59,30,1.477121255
43,51,24,1.380211242
43,45,32,1.505149978
43,33,258,2.411619706
43,34,53,1.72427587
43,35,53,1.72427587
43,36,152,2.181843588
43,60,27,1.431363764
43,50,11,1.041392685
43,37,58,1.763427994
43,38,14,1.146128036
43,39,398,2.599883072
43,41,103,2.012837225
43,46,67,1.826074803
43,40,"1,000",3
43,42,"3,344",3.524266269
43,47,106,2.025305865
2,0,"3,392",3.530455844
2,1,"2,619",3.418135498
2,43,172,2.235528447
2,3,593,2.773054693
2,4,"2,181",3.338655666
2,54,8,0.903089987
2,55,4,0.602059991
2,57,15,1.176091259
2,5,"1,910",3.281033367
2,6,"8,988",3.953663064
2,7,"9,066",3.957415715
2,8,296,2.471291711
2,9,"3,346",3.524525937
2,10,"62,957",4.799044025
2,11,"3,264",3.51375015
2,12,"8,925",3.950608225
2,13,266,2.424881637
2,52,1,0
2,14,"2,340",3.369215857
2,15,"47,050",4.672559628
2,16,"27,437",4.438336623
2,17,"1,260",3.100370545
2,61,951,2.978180517
2,18,434,2.63748973
2,19,"1,883",3.27485032
2,20,509,2.706717782
2,21,"2,172",3.336859821
2,22,"2,857",3.45591024
2,23,"13,775",4.139091608
2,24,"2,265",3.355068206
2,48,248,2.394451681
2,56,30,1.477121255
2,25,"1,599",3.203848464
2,53,13,1.113943352
2,26,756,2.878521796
2,27,"9,091",3.958611658
2,28,242,2.383815366
2,44,510,2.707570176
2,58,7,0.84509804
2,29,"1,093",3.038620162
2,30,150,2.176091259
2,49,13,1.113943352
2,31,"35,574",4.551132701
2,32,"2,872",3.458184436
2,59,19,1.278753601
2,51,290,2.462397998
2,45,316,2.499687083
2,33,"6,248",3.795741021
2,34,"1,812",3.258158193
2,35,"1,309",3.116939647
2,36,"3,525",3.547159121
2,60,"1,680",3.225309282
2,50,133,2.123851641
2,37,954,2.979548375
2,38,468,2.670245853
2,39,"7,734",3.888404168
2,41,871,2.940018155
2,46,901,2.954724791
2,40,"4,143",3.617314933
2,42,"24,144",4.382809222
2,47,569,2.755112266
3,0,38,1.579783597
3,1,701,2.845718018
3,43,9,0.954242509
3,2,"1,709",3.232742063
3,4,31,1.491361694
3,54,2,0.301029996
3,55,1,0
3,57,1,0
3,5,88,1.944482672
3,6,236,2.372912003
3,7,854,2.931457871
3,8,90,1.954242509
3,9,461,2.663700925
3,10,"2,913",3.464340485
3,11,185,2.267171728
3,12,537,2.729974286
3,13,25,1.397940009
3,52,0,#NUM!
3,14,138,2.139879086
3,15,"1,126",3.051538391
3,16,737,2.867467488
3,17,"1,131",3.053462605
3,61,32,1.505149978
3,18,113,2.053078443
3,19,383,2.583198774
3,20,41,1.612783857
3,21,61,1.785329835
3,22,99,1.995635195
3,23,"2,281",3.358125285
3,24,61,1.785329835
3,48,48,1.681241237
3,56,12,1.079181246
3,25,120,2.079181246
3,53,0,#NUM!
3,26,56,1.748188027
3,27,37,1.568201724
3,28,38,1.579783597
3,44,29,1.462397998
3,58,4,0.602059991
3,29,47,1.672097858
3,30,33,1.51851394
3,49,7,0.84509804
3,31,492,2.691965103
3,32,71,1.851258349
3,59,1,0
3,51,19,1.278753601
3,45,62,1.792391689
3,33,615,2.788875116
3,34,122,2.086359831
3,35,"2,011",3.303412071
3,36,544,2.7355989
3,60,225,2.352182518
3,50,9,0.954242509
3,37,227,2.356025857
3,38,191,2.281033367
3,39,224,2.350248018
3,41,27,1.431363764
3,46,80,1.903089987
3,40,"2,703",3.431846046
3,42,643,2.808210973
3,47,41,1.612783857
4,0,912,2.959994838
4,1,216,2.334453751
4,43,691,2.839478047
4,2,"2,635",3.42078062
4,3,134,2.127104798
4,54,2,0.301029996
4,55,1,0
4,57,11,1.041392685
4,5,"2,736",3.437116093
4,6,465,2.667452953
4,7,"30,618",4.485976819
4,8,40,1.602059991
4,9,132,2.120573931
4,10,"5,714",3.756940236
4,11,725,2.860338007
4,12,"2,656",3.424228071
4,13,36,1.556302501
4,52,1,0
4,14,395,2.596597096
4,15,"4,011",3.603252662
4,16,"3,888",3.589726256
4,17,123,2.089905111
4,61,"2,410",3.382017043
4,18,57,1.755874856
4,19,148,2.170261715
4,20,"3,001",3.477265995
4,21,"5,336",3.727215821
4,22,"1,031",3.013258665
4,23,"2,848",3.454539985
4,24,"6,922",3.840231595
4,48,281,2.44870632
4,56,2,0.301029996
4,25,"3,451",3.537944959
4,53,5,0.698970004
4,26,40,1.602059991
4,27,23,1.361727836
4,28,26,1.414973348
4,44,897,2.952792443
4,58,8,0.903089987
4,29,"4,388",3.642266619
4,30,20,1.301029996
4,49,6,0.77815125
4,31,"7,286",3.862489167
4,32,"1,575",3.197280558
4,59,27,1.431363764
4,51,191,2.281033367
4,45,227,2.356025857
4,33,570,2.755874856
4,34,882,2.945468585
4,35,316,2.499687083
4,36,"2,579",3.411451342
4,60,"2,748",3.439016728
4,50,86,1.934498451
4,37,52,1.716003344
4,38,296,2.471291711
4,39,528,2.722633923
4,41,"1,974",3.295347148
4,46,"1,214",3.084218687
4,40,"1,319",3.120244796
4,42,"24,116",4.382305275
4,47,"1,527",3.183839037
54,0,440,2.643452676
54,1,0,#NUM!
54,43,1,0
54,2,0,#NUM!
54,3,0,#NUM!
54,4,1,0
54,55,1,0
54,57,1,0
54,5,131,2.117271296
54,6,2,0.301029996
54,7,58,1.763427994
54,8,0,#NUM!
54,9,1,0
54,10,2,0.301029996
54,11,1,0
54,12,1,0
54,13,1,0
54,52,0,#NUM!
54,14,1,0
54,15,1,0
54,16,11,1.041392685
54,17,0,#NUM!
54,61,4,0.602059991
54,18,0,#NUM!
54,19,0,#NUM!
54,20,320,2.505149978
54,21,527,2.721810615
54,22,0,#NUM!
54,23,129,2.11058971
54,24,"2,031",3.307709923
54,48,12,1.079181246
54,56,1,0
54,25,606,2.782472624
54,53,0,#NUM!
54,26,1,0
54,27,0,#NUM!
54,28,1,0
54,44,48,1.681241237
54,58,13,1.113943352
54,29,1,0
54,30,0,#NUM!
54,49,1,0
54,31,3,0.477121255
54,32,2,0.301029996
54,59,1,0
54,51,4,0.602059991
54,45,53,1.72427587
54,33,1,0
54,34,0,#NUM!
54,35,1,0
54,36,2,0.301029996
54,60,8,0.903089987
54,50,1,0
54,37,1,0
54,38,0,#NUM!
54,39,1,0
54,41,306,2.485721426
54,46,398,2.599883072
54,40,1,0
54,42,20,1.301029996
54,47,32,1.505149978
55,0,10,1
55,1,1,0
55,43,1,0
55,2,2,0.301029996
55,3,1,0
55,4,2,0.301029996
55,54,4,0.602059991
55,57,2,0.301029996
55,5,2,0.301029996
55,6,1,0
55,7,8,0.903089987
55,8,1,0
55,9,2,0.301029996
55,10,2,0.301029996
55,11,3,0.477121255
55,12,2,0.301029996
55,13,2,0.301029996
55,52,0,#NUM!
55,14,2,0.301029996
55,15,2,0.301029996
55,16,15,1.176091259
55,17,1,0
55,61,0,#NUM!
55,18,1,0
55,19,2,0.301029996
55,20,3,0.477121255
55,21,243,2.385606274
55,22,2,0.301029996
55,23,3,0.477121255
55,24,13,1.113943352
55,48,19,1.278753601
55,56,1,0
55,25,4,0.602059991
55,53,0,#NUM!
55,26,2,0.301029996
55,27,1,0
55,28,2,0.301029996
55,44,8,0.903089987
55,58,5,0.698970004
55,29,3,0.477121255
55,30,2,0.301029996
55,49,1,0
55,31,2,0.301029996
55,32,2,0.301029996
55,59,8,0.903089987
55,51,5,0.698970004
55,45,9,0.954242509
55,33,3,0.477121255
55,34,1,0
55,35,2,0.301029996
55,36,3,0.477121255
55,60,1,0
55,50,1,0
55,37,2,0.301029996
55,38,2,0.301029996
55,39,2,0.301029996
55,41,4,0.602059991
55,46,40,1.602059991
55,40,2,0.301029996
55,42,12,1.079181246
55,47,2,0.301029996
57,0,46,1.662757832
57,1,24,1.380211242
57,43,1,0
57,2,167,2.222716471
57,3,10,1
57,4,20,1.301029996
57,54,4,0.602059991
57,55,1,0
57,5,396,2.597695186
57,6,48,1.681241237
57,7,380,2.579783597
57,8,1,0
57,9,25,1.397940009
57,10,643,2.808210973
57,11,30,1.477121255
57,12,176,2.245512668
57,13,3,0.477121255
57,52,0,#NUM!
57,14,7,0.84509804
57,15,193,2.285557309
57,16,"1,008",3.003460532
57,17,7,0.84509804
57,61,12,1.079181246
57,18,3,0.477121255
57,19,3,0.477121255
57,20,23,1.361727836
57,21,21,1.322219295
57,22,116,2.064457989
57,23,117,2.068185862
57,24,445,2.648360011
57,48,25,1.397940009
57,56,1,0
57,25,264,2.421603927
57,53,2,0.301029996
57,26,4,0.602059991
57,27,4,0.602059991
57,28,4,0.602059991
57,44,87,1.939519253
57,58,3,0.477121255
57,29,30,1.477121255
57,30,2,0.301029996
57,49,1,0
57,31,191,2.281033367
57,32,81,1.908485019
57,59,0,#NUM!
57,51,5,0.698970004
57,45,44,1.643452676
57,33,89,1.949390007
57,34,5,0.698970004
57,35,5,0.698970004
57,36,37,1.568201724
57,60,52,1.716003344
57,50,1,0
57,37,9,0.954242509
57,38,3,0.477121255
57,39,34,1.531478917
57,41,43,1.633468456
57,46,316,2.499687083
57,40,29,1.462397998
57,42,"1,301",3.114277297
57,47,564,2.751279104
5,0,"2,457",3.390405156
5,1,437,2.640481437
5,43,393,2.59439255
5,2,"2,275",3.356981401
5,3,134,2.127104798
5,4,"1,674",3.223755454
5,54,42,1.62324929
5,55,2,0.301029996
5,57,15,1.176091259
5,6,"1,154",3.062205809
5,7,"15,584",4.19267894
5,8,69,1.838849091
5,9,189,2.276461804
5,10,"3,692",3.567261692
5,11,438,2.641474111
5,12,"1,190",3.075546961
5,13,38,1.579783597
5,52,13,1.113943352
5,14,636,2.803457116
5,15,"6,542",3.81571054
5,16,"11,848",4.073645046
5,17,151,2.178976947
5,61,"2,011",3.303412071
5,18,47,1.672097858
5,19,196,2.292256071
5,20,"1,190",3.075546961
5,21,"2,444",3.388101202
5,22,"1,359",3.133219457
5,23,"2,692",3.430075056
5,24,"12,484",4.09635376
5,48,"2,471",3.392872745
5,56,26,1.414973348
5,25,"4,400",3.643452676
5,53,10,1
5,26,50,1.698970004
5,27,282,2.450249108
5,28,31,1.491361694
5,44,556,2.745074792
5,58,28,1.447158031
5,29,"7,923",3.898889656
5,30,290,2.462397998
5,49,29,1.462397998
5,31,"1,959",3.292034436
5,32,"2,330",3.367355921
5,59,35,1.544068044
5,51,319,2.503790683
5,45,378,2.5774918
5,33,475,2.67669361
5,34,180,2.255272505
5,35,281,2.44870632
5,36,"1,192",3.076276255
5,60,"2,080",3.318063335
5,50,275,2.439332694
5,37,160,2.204119983
5,38,44,1.643452676
5,39,"1,034",3.014520539
5,41,"1,941",3.288025535
5,46,663,2.821513528
5,40,841,2.924795996
5,42,"320,013",5.505167621
5,47,339,2.530199698
6,0,"2,988",3.475380593
6,1,"5,098",3.707399831
6,43,191,2.281033367
6,2,"7,988",3.902438056
6,3,274,2.437750563
6,4,"2,290",3.359835482
6,54,12,1.079181246
6,55,8,0.903089987
6,57,24,1.380211242
6,5,"5,605",3.748575617
6,7,"10,141",4.006080783
6,8,214,2.330413773
6,9,"1,498",3.175511813
6,10,"45,683",4.659754616
6,11,"1,911",3.281260687
6,12,"6,903",3.839037873
6,13,140,2.146128036
6,52,16,1.204119983
6,14,"1,263",3.101403351
6,15,"18,918",4.276875221
6,16,"11,188",4.048752458
6,17,880,2.944482672
6,61,"1,382",3.140508043
6,18,252,2.401400541
6,19,980,2.991226076
6,20,587,2.768638101
6,21,"2,695",3.43055877
6,22,"2,522",3.401745082
6,23,"14,663",4.166222835
6,24,"6,853",3.835880732
6,48,160,2.204119983
6,56,27,1.431363764
6,25,"3,257",3.512817759
6,53,11,1.041392685
6,26,135,2.130333768
6,27,"6,271",3.797336801
6,28,215,2.33243846
6,44,"1,326",3.122543524
6,58,11,1.041392685
6,29,"1,621",3.209783015
6,30,73,1.86332286
6,49,13,1.113943352
6,31,"11,881",4.074852996
6,32,"1,719",3.235275877
6,59,130,2.113943352
6,51,436,2.639486489
6,45,466,2.668385917
6,33,"2,759",3.4407517
6,34,916,2.961895474
6,35,875,2.942008053
6,36,"4,746",3.676327734
6,60,"3,277",3.515476441
6,50,129,2.11058971
6,37,659,2.818885415
6,38,409,2.611723308
6,39,"1,606",3.205745541
6,41,"1,464",3.165541077
6,46,"2,572",3.410270964
6,40,"1,650",3.217483944
6,42,"32,783",4.515648694
6,47,434,2.63748973
7,0,"46,340",4.665956029
7,1,"3,118",3.493876111
7,43,"3,738",3.572639297
7,2,"11,624",4.065355601
7,3,979,2.990782692
7,4,"29,725",4.473121863
7,54,271,2.432969291
7,55,46,1.662757832
7,57,"2,517",3.400883216
7,5,"46,633",4.668693355
7,6,"7,257",3.860757123
7,8,696,2.84260924
7,9,"9,446",3.975247941
7,10,"82,498",4.91644342
7,11,"5,816",3.764624398
7,12,"20,807",4.318209467
7,13,"1,003",3.001300933
7,52,266,2.424881637
7,14,"6,567",3.817367016
7,15,"39,549",4.597135507
7,16,"47,921",4.680525872
7,17,"2,791",3.445759836
7,61,"48,165",4.682731565
7,18,729,2.862727528
7,19,"5,341",3.727622578
7,20,"33,177",4.520837113
7,21,"45,511",4.658116378
7,22,"3,865",3.587149498
7,23,"25,245",4.402175375
7,24,"164,250",5.215505378
7,48,"2,799",3.447002898
7,56,"1,237",3.0923697
7,25,"104,673",5.019834672
7,53,"1,671",3.22297645
7,26,902,2.955206538
7,27,900,2.954242509
7,28,649,2.812244697
7,44,"20,223",4.305845582
7,58,93,1.968482949
7,29,"39,817",4.600068535
7,30,441,2.644438589
7,49,"2,025",3.306425028
7,31,"41,675",4.619875609
7,32,"5,124",3.709609121
7,59,"1,314",3.118595365
7,51,"9,905",3.99585448
7,45,"11,311",4.053501002
7,33,"14,516",4.16184696
7,34,"2,091",3.320354033
7,35,"2,773",3.44294987
7,36,"48,173",4.682803693
7,60,"27,373",4.437322397
7,50,"4,190",3.622214023
7,37,"2,042",3.310055738
7,38,"1,346",3.12904506
7,39,"9,930",3.996949248
7,41,"41,525",4.618309641
7,46,"23,015",4.362010979
7,40,"22,082",4.344038406
7,42,"339,933",5.531393327
7,47,"35,568",4.551059445
8,0,10,1
8,1,62,1.792391689
8,43,3,0.477121255
8,2,196,2.292256071
8,3,35,1.544068044
8,4,1,0
8,54,1,0
8,55,0,#NUM!
8,57,2,0.301029996
8,5,15,1.176091259
8,6,44,1.643452676
8,7,24,1.380211242
8,9,107,2.029383778
8,10,288,2.459392488
8,11,580,2.763427994
8,12,25,1.397940009
8,13,119,2.075546961
8,52,0,#NUM!
8,14,12,1.079181246
8,15,76,1.880813592
8,16,300,2.477121255
8,17,361,2.557507202
8,61,9,0.954242509
8,18,13,1.113943352
8,19,113,2.053078443
8,20,1,0
8,21,2,0.301029996
8,22,40,1.602059991
8,23,232,2.365487985
8,24,1,0
8,48,11,1.041392685
8,56,1,0
8,25,3,0.477121255
8,53,1,0
8,26,22,1.342422681
8,27,67,1.826074803
8,28,24,1.380211242
8,44,21,1.322219295
8,58,4,0.602059991
8,29,0,#NUM!
8,30,850,2.929418926
8,49,2,0.301029996
8,31,153,2.184691431
8,32,16,1.204119983
8,59,0,#NUM!
8,51,5,0.698970004
8,45,7,0.84509804
8,33,228,2.357934847
8,34,7,0.84509804
8,35,94,1.973127854
8,36,521,2.716837723
8,60,5,0.698970004
8,50,2,0.301029996
8,37,35,1.544068044
8,38,11,1.041392685
8,39,131,2.117271296
8,41,2,0.301029996
8,46,46,1.662757832
8,40,0,#NUM!
8,42,73,1.86332286
8,47,8,0.903089987
9,0,658,2.818225894
9,1,"6,076",3.783617765
9,43,27,1.431363764
9,2,"5,234",3.718833718
9,3,915,2.961421094
9,4,416,2.619093331
9,54,3,0.477121255
9,55,1,0
9,57,2,0.301029996
9,5,440,2.643452676
9,6,"2,808",3.448397103
9,7,"3,320",3.521138084
9,8,118,2.071882007
9,10,"49,724",4.696566058
9,11,"1,909",3.280805928
9,12,"4,359",3.639386869
9,13,229,2.359835482
9,52,1,0
9,14,"1,059",3.02489596
9,15,"8,363",3.922362097
9,16,"7,209",3.857875026
9,17,209,2.320146286
9,61,66,1.819543936
9,18,587,2.768638101
9,19,"5,022",3.700876708
9,20,219,2.340444115
9,21,495,2.694605199
9,22,905,2.956648579
9,23,"5,681",3.754424789
9,24,736,2.866877814
9,48,118,2.071882007
9,56,13,1.113943352
9,25,786,2.895422546
9,53,1,0
9,26,513,2.710117365
9,27,323,2.509202522
9,28,207,2.315970345
9,44,147,2.167317335
9,58,8,0.903089987
9,29,885,2.946943271
9,30,58,1.763427994
9,49,18,1.255272505
9,31,"3,764",3.575649615
9,32,"1,026",3.011147361
9,59,9,0.954242509
9,51,82,1.913813852
9,45,92,1.963787827
9,33,"11,357",4.055263626
9,34,528,2.722633923
9,35,"2,006",3.302330929
9,36,"5,304",3.724603515
9,60,297,2.472756449
9,50,21,1.322219295
9,37,"13,141",4.118628415
9,38,764,2.883093359
9,39,"2,500",3.397940009
9,41,159,2.201397124
9,46,275,2.439332694
9,40,"2,396",3.379486814
9,42,"4,168",3.61992771
9,47,70,1.84509804
10,0,"11,898",4.075473965
10,1,"57,976",4.763248248
10,43,951,2.978180517
10,2,"41,927",4.622493788
10,3,"4,042",3.606596309
10,4,"14,213",4.152685756
10,54,125,2.096910013
10,55,8,0.903089987
10,57,81,1.908485019
10,5,"16,441",4.215928229
10,6,"64,630",4.810434156
10,7,"113,799",5.056138446
10,8,965,2.984527313
10,9,"45,432",4.657361856
10,11,"23,411",4.369419965
10,12,"49,684",4.696216553
10,13,"2,073",3.316599302
10,52,14,1.146128036
10,14,"14,805",4.170408412
10,15,"128,719",5.109642657
10,16,"96,835",4.986032357
10,17,"4,895",3.689752696
10,61,"5,646",3.751740874
10,18,"3,447",3.537441283
10,19,"26,633",4.425420089
10,20,"4,121",3.615002615
10,21,"13,850",4.141449773
10,22,"10,152",4.006551609
10,23,"76,906",4.885960224
10,24,"24,467",4.388580722
10,48,"1,219",3.086003706
10,56,141,2.149219113
10,25,"26,945",4.430478188
10,53,76,1.880813592
10,26,"2,733",3.436639632
10,27,"11,046",4.043205039
10,28,"1,431",3.155639634
10,44,"5,128",3.709948017
10,58,37,1.568201724
10,29,"15,832",4.199535781
10,30,424,2.627365857
10,49,182,2.260071388
10,31,"70,271",4.846776134
10,32,"14,396",4.158241838
10,59,87,1.939519253
10,51,"1,519",3.181557774
10,45,"3,288",3.516931809
10,33,"66,733",4.824340649
10,34,"9,557",3.980321586
10,35,"14,167",4.151277894
10,36,"37,363",4.57244174
10,60,"8,804",3.944680034
10,50,481,2.682145076
10,37,"15,583",4.192651071
10,38,"4,747",3.676419232
10,39,"30,523",4.484627217
10,41,"10,133",4.005738043
10,46,"4,484",3.651665604
10,40,"28,391",4.45318069
10,42,"134,468",5.128618945
10,47,"2,171",3.336659823
11,0,"1,262",3.101059355
11,1,596,2.77524626
11,43,117,2.068185862
11,2,"2,003",3.301680949
11,3,188,2.274157849
11,4,938,2.972202838
11,54,8,0.903089987
11,55,5,0.698970004
11,57,9,0.954242509
11,5,"1,493",3.174059808
11,6,"1,533",3.185542155
11,7,"7,269",3.861474669
11,8,57,1.755874856
11,9,850,2.929418926
11,10,"18,425",4.265407497
11,12,"2,301",3.361916619
11,13,260,2.414973348
11,52,2,0.301029996
11,14,"3,441",3.536684673
11,15,"4,381",3.641573253
11,16,"9,430",3.974511693
11,17,394,2.595496222
11,61,711,2.851869601
11,18,141,2.149219113
11,19,"1,447",3.160468531
11,20,365,2.562292864
11,21,"1,057",3.024074987
11,22,850,2.929418926
11,23,"2,455",3.390051496
11,24,"3,169",3.500922239
11,48,118,2.071882007
11,56,7,0.84509804
11,25,"1,399",3.145817714
11,53,5,0.698970004
11,26,395,2.596597096
11,27,310,2.491361694
11,28,345,2.537819095
11,44,163,2.212187604
11,58,19,1.278753601
11,29,661,2.820201459
11,30,67,1.826074803
11,49,22,1.342422681
11,31,"3,276",3.515343893
11,32,"9,824",3.992288354
11,59,12,1.079181246
11,51,217,2.336459734
11,45,184,2.264817823
11,33,"3,253",3.512284063
11,34,352,2.546542663
11,35,473,2.674861141
11,36,"1,633",3.212986185
11,60,"1,497",3.1752218
11,50,78,1.892094603
11,37,305,2.484299839
11,38,107,2.029383778
11,39,"13,790",4.139564266
11,41,485,2.685741739
11,46,589,2.770115295
11,40,"1,287",3.109578547
11,42,"7,921",3.898780013
11,47,185,2.267171728
12,0,"2,781",3.444200989
12,1,"2,378",3.37621185
12,43,127,2.103803721
12,2,"9,132",3.960565903
12,3,"2,561",3.408409578
12,4,"4,861",3.686725621
12,54,7,0.84509804
12,55,2,0.301029996
12,57,14,1.146128036
12,5,"3,154",3.498861689
12,6,"5,862",3.768045814
12,7,"6,255",3.796227314
12,8,451,2.654176542
12,9,"2,967",3.472317546
12,10,"39,936",4.601364564
12,11,"2,267",3.35545152
12,13,186,2.269512944
12,52,40,1.602059991
12,14,"1,544",3.188647296
12,15,"57,475",4.75947898
12,16,"22,917",4.360157765
12,17,"2,164",3.335257256
12,61,"1,665",3.221414238
12,18,364,2.561101384
12,19,"1,583",3.199480915
12,20,634,2.802089258
12,21,"1,568",3.195346058
12,22,"2,297",3.361160995
12,23,"24,726",4.393153865
12,24,"4,177",3.620864475
12,48,225,2.352182518
12,56,18,1.255272505
12,25,"3,462",3.539327064
12,53,11,1.041392685
12,26,553,2.742725131
12,27,748,2.873901598
12,28,240,2.380211242
12,44,542,2.733999287
12,58,10,1
12,29,"6,507",3.813380807
12,30,186,2.269512944
12,49,35,1.544068044
12,31,"8,814",3.945173046
12,32,"2,496",3.397244581
12,59,10,1
12,51,238,2.376576957
12,45,552,2.741939078
12,33,"6,562",3.817036226
12,34,"26,842",4.428814872
12,35,"2,002",3.301464073
12,36,"4,628",3.66539335
12,60,"1,788",3.252367514
12,50,84,1.924279286
12,37,992,2.996511672
12,38,789,2.897077003
12,39,"3,108",3.49248101
12,41,"3,391",3.53032779
12,46,994,2.997386384
12,40,"8,687",3.938869822
12,42,"19,083",4.28064665
12,47,422,2.625312451
13,0,149,2.173186268
13,1,89,1.949390007
13,43,2,0.301029996
13,2,246,2.390935107
13,3,37,1.568201724
13,4,32,1.505149978
13,54,2,0.301029996
13,55,1,0
13,57,2,0.301029996
13,5,68,1.832508913
13,6,232,2.365487985
13,7,182,2.260071388
13,8,48,1.681241237
13,9,57,1.755874856
13,10,886,2.947433722
13,11,410,2.612783857
13,12,231,2.36361198
13,52,0,#NUM!
13,14,"2,379",3.376394442
13,15,273,2.436162647
13,16,466,2.668385917
13,17,22,1.342422681
13,61,5,0.698970004
13,18,6,0.77815125
13,19,51,1.707570176
13,20,2,0.301029996
13,21,63,1.799340549
13,22,66,1.819543936
13,23,146,2.164352856
13,24,134,2.127104798
13,48,40,1.602059991
13,56,3,0.477121255
13,25,116,2.064457989
13,53,1,0
13,26,634,2.802089258
13,27,66,1.819543936
13,28,"1,133",3.05422991
13,44,21,1.322219295
13,58,6,0.77815125
13,29,71,1.851258349
13,30,22,1.342422681
13,49,5,0.698970004
13,31,276,2.440909082
13,32,"1,100",3.041392685
13,59,1,0
13,51,22,1.342422681
13,45,21,1.322219295
13,33,295,2.469822016
13,34,30,1.477121255
13,35,26,1.414973348
13,36,"1,487",3.172310969
13,60,70,1.84509804
13,50,2,0.301029996
13,37,38,1.579783597
13,38,14,1.146128036
13,39,"2,845",3.454082271
13,41,9,0.954242509
13,46,224,2.350248018
13,40,60,1.77815125
13,42,436,2.639486489
13,47,24,1.380211242
52,0,431,2.63447727
52,1,2,0.301029996
52,43,2,0.301029996
52,2,3,0.477121255
52,3,1,0
52,4,1,0
52,54,3,0.477121255
52,55,1,0
52,57,2,0.301029996
52,5,3,0.477121255
52,6,1,0
52,7,27,1.431363764
52,8,1,0
52,9,2,0.301029996
52,10,13,1.113943352
52,11,2,0.301029996
52,12,2,0.301029996
52,13,1,0
52,14,1,0
52,15,2,0.301029996
52,16,269,2.42975228
52,17,1,0
52,61,12,1.079181246
52,18,1,0
52,19,1,0
52,20,11,1.041392685
52,21,5,0.698970004
52,22,1,0
52,23,2,0.301029996
52,24,82,1.913813852
52,48,14,1.146128036
52,56,1,0
52,25,22,1.342422681
52,53,1,0
52,26,2,0.301029996
52,27,1,0
52,28,2,0.301029996
52,44,9,0.954242509
52,58,7,0.84509804
52,29,2,0.301029996
52,30,1,0
52,49,1,0
52,31,2,0.301029996
52,32,1,0
52,59,0,#NUM!
52,51,2,0.301029996
52,45,12,1.079181246
52,33,2,0.301029996
52,34,5,0.698970004
52,35,2,0.301029996
52,36,3,0.477121255
52,60,4,0.602059991
52,50,2,0.301029996
52,37,1,0
52,38,2,0.301029996
52,39,1,0
52,41,9,0.954242509
52,46,59,1.770852012
52,40,2,0.301029996
52,42,124,2.093421685
52,47,5,0.698970004
14,0,833,2.920645001
14,1,581,2.764176132
14,43,277,2.442479769
14,2,"2,087",3.319522449
14,3,71,1.851258349
14,4,572,2.757396029
14,54,3,0.477121255
14,55,4,0.602059991
14,57,3,0.477121255
14,5,"1,388",3.142389466
14,6,"1,356",3.13225969
14,7,"4,609",3.663606708
14,8,51,1.707570176
14,9,421,2.624282096
14,10,"10,222",4.009535877
14,11,"1,538",3.186956335
14,12,"1,405",3.147676324
14,13,"1,760",3.245512668
14,52,1,0
14,15,"2,493",3.396722279
14,16,"3,644",3.561578368
14,17,170,2.230448921
14,61,213,2.328379603
14,18,54,1.73239376
14,19,325,2.511883361
14,20,701,2.845718018
14,21,592,2.772321707
14,22,"1,386",3.14176323
14,23,"1,960",3.292256071
14,24,"1,817",3.259354927
14,48,212,2.326335861
14,56,10,1
14,25,"2,079",3.317854489
14,53,2,0.301029996
14,26,468,2.670245853
14,27,116,2.064457989
14,28,569,2.755112266
14,44,145,2.161368002
14,58,4,0.602059991
14,29,527,2.721810615
14,30,13,1.113943352
14,49,14,1.146128036
14,31,"3,729",3.571592383
14,32,"2,892",3.461198289
14,59,7,0.84509804
14,51,83,1.919078092
14,45,255,2.40654018
14,33,"2,261",3.354300562
14,34,169,2.227886705
14,35,207,2.315970345
14,36,"4,531",3.656194062
14,60,838,2.923244019
14,50,12,1.079181246
14,37,157,2.195899652
14,38,63,1.799340549
14,39,"9,712",3.987308674
14,41,199,2.298853076
14,46,386,2.586587305
14,40,"1,278",3.106530854
14,42,"7,199",3.857272174
14,47,126,2.100370545
15,0,"4,384",3.641870545
15,1,"3,822",3.582290683
15,43,179,2.252853031
15,2,"35,460",4.549738731
15,3,"1,044",3.018700499
15,4,"6,907",3.839289456
15,54,25,1.397940009
15,55,1,0
15,57,75,1.875061263
15,5,"6,759",3.829882446
15,6,"16,658",4.221622858
15,7,"27,796",4.443982303
15,8,454,2.657055853
15,9,"5,381",3.730862992
15,10,"88,969",4.949238709
15,11,"4,432",3.646599752
15,12,"48,093",4.682081869
15,13,316,2.499687083
15,52,51,1.707570176
15,14,"2,452",3.389520466
15,16,"53,336",4.727020442
15,17,"1,929",3.285332228
15,61,"2,664",3.42553422
15,18,513,2.710117365
15,19,"4,085",3.611192061
15,20,"2,663",3.425371166
15,21,"6,749",3.829239428
15,22,"5,945",3.774151859
15,23,"41,047",4.613281421
15,24,"10,469",4.0199052
15,48,532,2.725911632
15,56,32,1.505149978
15,25,"10,805",4.033624771
15,53,52,1.716003344
15,26,600,2.77815125
15,27,"6,903",3.839037873
15,28,326,2.5132176
15,44,"2,351",3.371252629
15,58,14,1.146128036
15,29,"4,121",3.615002615
15,30,332,2.521138084
15,49,57,1.755874856
15,31,"21,962",4.341671887
15,32,"5,724",3.757699625
15,59,30,1.477121255
15,51,453,2.656098202
15,45,"3,408",3.532499586
15,33,"10,764",4.031973689
15,34,"6,148",3.788733859
15,35,"4,262",3.629613445
15,36,"8,474",3.92808846
15,60,"6,210",3.7930916
15,50,213,2.328379603
15,37,"3,321",3.521268876
15,38,970,2.986771734
15,39,"7,346",3.866050924
15,41,"2,409",3.3818368
15,46,"1,702",3.230959556
15,40,"8,922",3.950462219
15,42,"46,717",4.669474946
15,47,958,2.981365509
16,0,"8,573",3.933132824
16,1,"2,494",3.396896449
16,43,281,2.44870632
16,2,"20,448",4.310650836
16,3,707,2.849419414
16,4,"4,245",3.627877695
16,54,175,2.243038049
16,55,12,1.079181246
16,57,42,1.62324929
16,5,"16,256",4.211013691
16,6,"18,786",4.273834318
16,7,"25,242",4.402123762
16,8,"1,033",3.014100322
16,9,"3,188",3.503518313
16,10,"50,462",4.702964459
16,11,"7,199",3.857272174
16,12,"12,634",4.101540873
16,13,438,2.641474111
16,52,12,1.079181246
16,14,"3,595",3.555698895
16,15,"43,831",4.641781379
16,17,"1,669",3.222456337
16,61,"9,889",3.995152377
16,18,516,2.712649702
16,19,"1,975",3.2955671
16,20,922,2.964730921
16,21,"7,042",3.847696021
16,22,"34,954",4.543496882
16,23,"19,020",4.279210513
16,24,"9,404",3.97331262
16,48,735,2.866287339
16,56,26,1.414973348
16,25,"9,770",3.989894564
16,53,27,1.431363764
16,26,524,2.719331287
16,27,"23,871",4.377870613
16,28,456,2.658964843
16,44,"1,654",3.218535505
16,58,51,1.707570176
16,29,"2,800",3.447158031
16,30,"1,799",3.255031163
16,49,54,1.73239376
16,31,"21,449",4.331407049
16,32,"11,824",4.072764421
16,59,50,1.698970004
16,51,877,2.942999593
16,45,613,2.787460475
16,33,"7,481",3.873959655
16,34,"2,751",3.43949059
16,35,"1,691",3.228143608
16,36,"10,565",4.023869501
16,60,"10,075",4.003245055
16,50,358,2.553883027
16,37,829,2.918554531
16,38,417,2.620136055
16,39,"10,511",4.021644036
16,41,"2,121",3.326540669
16,46,"2,841",3.453471234
16,40,"5,748",3.759516759
16,42,"81,270",4.90993026
16,47,610,2.785329835
17,0,71,1.851258349
17,1,99,1.995635195
17,43,12,1.079181246
17,2,334,2.523746467
17,3,"1,178",3.07114529
17,4,28,1.447158031
17,54,1,0
17,55,0,#NUM!
17,57,1,0
17,5,74,1.86923172
17,6,207,2.315970345
17,7,338,2.5289167
17,8,917,2.962369336
17,9,95,1.977723605
17,10,"1,336",3.125806458
17,11,102,2.008600172
17,12,564,2.751279104
17,13,14,1.146128036
17,52,0,#NUM!
17,14,70,1.84509804
17,15,460,2.662757832
17,16,"1,232",3.090610708
17,61,15,1.176091259
17,18,65,1.812913357
17,19,51,1.707570176
17,20,80,1.903089987
17,21,204,2.309630167
17,22,35,1.544068044
17,23,"2,310",3.36361198
17,24,154,2.187520721
17,48,34,1.531478917
17,56,4,0.602059991
17,25,562,2.749736316
17,53,0,#NUM!
17,26,23,1.361727836
17,27,44,1.643452676
17,28,6,0.77815125
17,44,13,1.113943352
17,58,3,0.477121255
17,29,69,1.838849091
17,30,40,1.602059991
17,49,4,0.602059991
17,31,254,2.404833717
17,32,42,1.62324929
17,59,1,0
17,51,16,1.204119983
17,45,18,1.255272505
17,33,225,2.352182518
17,34,57,1.755874856
17,35,495,2.694605199
17,36,131,2.117271296
17,60,"1,350",3.130333768
17,50,5,0.698970004
17,37,43,1.633468456
17,38,78,1.892094603
17,39,153,2.184691431
17,41,169,2.227886705
17,46,186,2.269512944
17,40,"8,250",3.916453949
17,42,717,2.855519156
17,47,16,1.204119983
61,0,960,2.982271233
61,1,71,1.851258349
61,43,"1,857",3.268811904
61,2,173,2.238046103
61,3,8,0.903089987
61,4,168,2.225309282
61,54,13,1.113943352
61,55,6,0.77815125
61,57,50,1.698970004
61,5,"1,021",3.009025742
61,6,244,2.387389826
61,7,"11,884",4.074962643
61,8,16,1.204119983
61,9,26,1.414973348
61,10,"1,424",3.153509989
61,11,304,2.482873584
61,12,283,2.451786436
61,13,12,1.079181246
61,52,36,1.556302501
61,14,151,2.178976947
61,15,625,2.795880017
61,16,"2,884",3.459995256
61,17,69,1.838849091
61,18,3,0.477121255
61,19,180,2.255272505
61,20,772,2.8876173
61,21,"1,890",3.276461804
61,22,115,2.06069784
61,23,734,2.86569606
61,24,"1,727",3.237292338
61,48,206,2.31386722
61,56,13,1.113943352
61,25,"1,527",3.183839037
61,53,75,1.875061263
61,26,12,1.079181246
61,27,502,2.700703717
61,28,6,0.77815125
61,44,"1,081",3.033825694
61,58,20,1.301029996
61,29,105,2.021189299
61,30,15,1.176091259
61,49,67,1.826074803
61,31,319,2.503790683
61,32,74,1.86923172
61,59,292,2.465382851
61,51,"1,101",3.041787319
61,45,633,2.80140371
61,33,81,1.908485019
61,34,56,1.748188027
61,35,8,0.903089987
61,36,465,2.667452953
61,60,"3,670",3.564666064
61,50,715,2.854306042
61,37,7,0.84509804
61,38,4,0.602059991
61,39,581,2.764176132
61,41,"1,155",3.062581984
61,46,943,2.974511693
61,40,20,1.301029996
61,42,"7,309",3.863857962
61,47,403,2.605305046
18,0,53,1.72427587
18,1,"1,044",3.018700499
18,43,13,1.113943352
18,2,740,2.86923172
18,3,122,2.086359831
18,4,15,1.176091259
18,54,1,0
18,55,0,#NUM!
18,57,1,0
18,5,99,1.995635195
18,6,280,2.447158031
18,7,139,2.1430148
18,8,16,1.204119983
18,9,269,2.42975228
18,10,"2,009",3.302979937
18,11,174,2.240549248
18,12,246,2.390935107
18,13,7,0.84509804
18,52,0,#NUM!
18,14,40,1.602059991
18,15,448,2.651278014
18,16,548,2.738780558
18,17,161,2.206825876
18,61,3,0.477121255
18,19,603,2.780317312
18,20,30,1.477121255
18,21,19,1.278753601
18,22,63,1.799340549
18,23,"2,322",3.365862215
18,24,79,1.897627091
18,48,31,1.491361694
18,56,2,0.301029996
18,25,22,1.342422681
18,53,0,#NUM!
18,26,16,1.204119983
18,27,59,1.770852012
18,28,16,1.204119983
18,44,11,1.041392685
18,58,3,0.477121255
18,29,41,1.612783857
18,30,30,1.477121255
18,49,2,0.301029996
18,31,231,2.36361198
18,32,217,2.336459734
18,59,0,#NUM!
18,51,5,0.698970004
18,45,13,1.113943352
18,33,303,2.481442629
18,34,53,1.72427587
18,35,181,2.257678575
18,36,165,2.217483944
18,60,71,1.851258349
18,50,2,0.301029996
18,37,262,2.418301291
18,38,"1,591",3.20167018
18,39,302,2.480006943
18,41,8,0.903089987
18,46,73,1.86332286
18,40,142,2.152288344
18,42,693,2.840733235
18,47,19,1.278753601
19,0,446,2.649334859
19,1,"4,939",3.693639026
19,43,7,0.84509804
19,2,"1,968",3.294025094
19,3,"1,111",3.045714059
19,4,387,2.587710965
19,54,2,0.301029996
19,55,1,0
19,57,1,0
19,5,489,2.689308859
19,6,"1,510",3.178976947
19,7,"2,543",3.40534636
19,8,57,1.755874856
19,9,"4,206",3.623869268
19,10,"30,849",4.489241091
19,11,"1,010",3.004321374
19,12,"3,120",3.494154594
19,13,230,2.361727836
19,52,0,#NUM!
19,14,553,2.742725131
19,15,"5,155",3.71222867
19,16,"4,574",3.66029616
19,17,292,2.465382851
19,61,87,1.939519253
19,18,"1,271",3.104145551
19,20,55,1.740362689
19,21,220,2.342422681
19,22,782,2.893206753
19,23,"5,875",3.769007871
19,24,897,2.952792443
19,48,143,2.155336037
19,56,15,1.176091259
19,25,723,2.859138297
19,53,1,0
19,26,247,2.392696953
19,27,379,2.57863921
19,28,180,2.255272505
19,44,96,1.982271233
19,58,5,0.698970004
19,29,930,2.968482949
19,30,12,1.079181246
19,49,13,1.113943352
19,31,"2,692",3.430075056
19,32,493,2.692846919
19,59,3,0.477121255
19,51,51,1.707570176
19,45,38,1.579783597
19,33,"4,834",3.684306646
19,34,337,2.527629901
19,35,"6,941",3.841422044
19,36,"1,535",3.18610838
19,60,764,2.883093359
19,50,8,0.903089987
19,37,"4,621",3.664735969
19,38,960,2.982271233
19,39,"1,573",3.196728723
19,41,159,2.201397124
19,46,249,2.396199347
19,40,"1,858",3.26904571
19,42,"5,363",3.729407797
19,47,103,2.012837225
20,0,"7,118",3.852357984
20,1,125,2.096910013
20,43,"1,855",3.268343914
20,2,828,2.918030337
20,3,74,1.86923172
20,4,"2,974",3.473340964
20,54,127,2.103803721
20,55,7,0.84509804
20,57,361,2.557507202
20,5,"1,832",3.262925469
20,6,198,2.29666519
20,7,"23,404",4.369290089
20,8,15,1.176091259
20,9,167,2.222716471
20,10,"4,557",3.658679029
20,11,337,2.527629901
20,12,"2,423",3.384353414
20,13,84,1.924279286
20,52,22,1.342422681
20,14,186,2.269512944
20,15,"1,955",3.291146762
20,16,"2,294",3.360593414
20,17,142,2.152288344
20,61,557,2.745855195
20,18,27,1.431363764
20,19,142,2.152288344
20,21,"8,839",3.946403134
20,22,208,2.318063335
20,23,"2,601",3.415140352
20,24,"27,378",4.437401719
20,48,43,1.633468456
20,56,4,0.602059991
20,25,"11,808",4.072176344
20,53,217,2.336459734
20,26,35,1.544068044
20,27,17,1.230448921
20,28,35,1.544068044
20,44,"5,842",3.766561553
20,58,39,1.591064607
20,29,"1,704",3.23146959
20,30,6,0.77815125
20,49,14,1.146128036
20,31,"4,124",3.615318657
20,32,203,2.307496038
20,59,258,2.411619706
20,51,"1,973",3.295127085
20,45,"4,364",3.639884742
20,33,687,2.836956737
20,34,192,2.283301229
20,35,125,2.096910013
20,36,861,2.935003151
20,60,"8,279",3.917977883
20,50,659,2.818885415
20,37,45,1.653212514
20,38,94,1.973127854
20,39,223,2.348304863
20,41,"7,486",3.874249823
20,46,"5,360",3.72916479
20,40,"2,297",3.361160995
20,42,"22,348",4.349238663
20,47,"3,019",3.479863113
21,0,"2,791",3.445759836
21,1,495,2.694605199
21,43,"5,090",3.706717782
21,2,"2,974",3.473340964
21,3,174,2.240549248
21,4,"6,840",3.835056102
21,54,29,1.462397998
21,55,752,2.876217841
21,57,139,2.1430148
21,5,"2,618",3.417969642
21,6,"1,120",3.049218023
21,7,"18,154",4.258972331
21,8,149,2.173186268
21,9,512,2.709269961
21,10,"8,572",3.933082162
21,11,"1,137",3.055760465
21,12,"3,098",3.491081413
21,13,60,1.77815125
21,52,38,1.579783597
21,14,"1,084",3.035029282
21,15,"6,864",3.836577275
21,16,"12,732",4.10489663
21,17,291,2.463892989
21,61,"7,622",3.882068944
21,18,145,2.161368002
21,19,294,2.46834733
21,20,"4,153",3.618361931
21,22,440,2.643452676
21,23,"4,468",3.650113164
21,24,"5,712",3.756788199
21,48,295,2.469822016
21,56,43,1.633468456
21,25,"5,244",3.719662683
21,53,97,1.986771734
21,26,70,1.84509804
21,27,18,1.255272505
21,28,55,1.740362689
21,44,"2,075",3.317018101
21,58,167,2.222716471
21,29,"3,921",3.593396842
21,30,63,1.799340549
21,49,16,1.204119983
21,31,"3,848",3.585235063
21,32,602,2.779596491
21,59,"5,037",3.702171951
21,51,"1,879",3.27392678
21,45,"1,174",3.069668097
21,33,"1,339",3.126780577
21,34,570,2.755874856
21,35,261,2.416640507
21,36,"1,714",3.234010818
21,60,"19,364",4.286995074
21,50,"4,198",3.623042434
21,37,157,2.195899652
21,38,147,2.167317335
21,39,"1,516",3.180699201
21,41,"3,194",3.504334912
21,46,"2,205",3.343408594
21,40,"7,727",3.888010912
21,42,"38,035",4.580183421
21,47,"3,098",3.491081413
22,0,"2,622",3.418632687
22,1,"1,359",3.133219457
22,43,21,1.322219295
22,2,"9,734",3.988291342
22,3,244,2.387389826
22,4,"1,708",3.232487866
22,54,7,0.84509804
22,55,3,0.477121255
22,57,7,0.84509804
22,5,"3,424",3.534533756
22,6,"14,777",4.169586273
22,7,"7,777",3.890812099
22,8,73,1.86332286
22,9,"1,373",3.137670537
22,10,"21,110",4.324488233
22,11,"3,197",3.504742636
22,12,"6,893",3.838408278
22,13,88,1.944482672
22,52,1,0
22,14,"1,537",3.186673867
22,15,"13,845",4.14129296
22,16,"44,126",4.644694561
22,17,640,2.806179974
22,61,838,2.923244019
22,18,122,2.086359831
22,19,"1,062",3.026124517
22,20,172,2.235528447
22,21,798,2.902002891
22,23,"9,553",3.980139778
22,24,"3,338",3.523486332
22,48,277,2.442479769
22,56,6,0.77815125
22,25,"2,633",3.420450859
22,53,3,0.477121255
22,26,101,2.004321374
22,27,"5,252",3.720324717
22,28,220,2.342422681
22,44,364,2.561101384
22,58,22,1.342422681
22,29,"2,293",3.360404055
22,30,166,2.220108088
22,49,7,0.84509804
22,31,"10,914",4.037983949
22,32,"2,290",3.359835482
22,59,8,0.903089987
22,51,107,2.029383778
22,45,605,2.781755375
22,33,"3,262",3.513483957
22,34,"1,415",3.15075644
22,35,684,2.835056102
22,36,"2,006",3.302330929
22,60,"1,664",3.221153322
22,50,16,1.204119983
22,37,232,2.365487985
22,38,121,2.08278537
22,39,"5,242",3.719497017
22,41,723,2.859138297
22,46,483,2.683947131
22,40,699,2.844477176
22,42,"41,492",4.617964369
22,47,252,2.401400541
23,0,"5,131",3.710202015
23,1,"7,600",3.880813592
23,43,391,2.592176757
23,2,"9,677",3.985740741
23,3,"1,878",3.273695588
23,4,"5,718",3.757244151
23,54,81,1.908485019
23,55,12,1.079181246
23,57,29,1.462397998
23,5,"5,770",3.761175813
23,6,"21,181",4.32594646
23,7,"15,766",4.197721522
23,8,584,2.766412847
23,9,"5,608",3.748808005
23,10,"67,597",4.829927422
23,11,"3,773",3.576686805
23,12,"23,062",4.362896968
23,13,426,2.629409599
23,52,8,0.903089987
23,14,"2,162",3.33485569
23,15,"55,070",4.740915076
23,16,"28,575",4.455986239
23,17,"3,443",3.536937023
23,61,"1,968",3.294025094
23,18,"2,691",3.429913698
23,19,"4,213",3.624591459
23,20,"1,589",3.201123897
23,21,"3,714",3.569841899
23,22,"3,625",3.559308011
23,24,"7,081",3.850094594
23,48,329,2.517195898
23,56,31,1.491361694
23,25,"6,555",3.816572696
23,53,19,1.278753601
23,26,815,2.911157609
23,27,"2,588",3.412964272
23,28,446,2.649334859
23,44,"1,048",3.020361283
23,58,32,1.505149978
23,29,"5,564",3.745387121
23,30,973,2.98811284
23,49,44,1.643452676
23,31,"8,787",3.943840626
23,32,"2,640",3.421603927
23,59,34,1.531478917
23,51,563,2.750508395
23,45,463,2.665580991
23,33,"13,378",4.126391192
23,34,"3,341",3.523876476
23,35,"7,198",3.857211842
23,36,"10,094",4.0040633
23,60,"3,074",3.487703863
23,50,302,2.480006943
23,37,"2,853",3.455301772
23,38,"3,456",3.538573734
23,39,"5,053",3.703549298
23,41,"1,410",3.149219113
23,46,"1,482",3.170848204
23,40,"12,495",4.09673626
23,42,"40,713",4.609733105
23,47,"1,121",3.049605613
24,0,"15,879",4.200823149
24,1,994,2.997386384
24,43,"1,306",3.115943177
24,2,"4,054",3.607883744
24,3,85,1.929418926
24,4,"4,699",3.672005445
24,54,168,2.225309282
24,55,55,1.740362689
24,57,259,2.413299764
24,5,"11,592",4.064158372
24,6,"2,670",3.426511261
24,7,"128,263",5.108101394
24,8,216,2.334453751
24,9,"1,570",3.195899652
24,10,"20,426",4.310183328
24,11,527,2.721810615
24,12,"2,917",3.464936429
24,13,125,2.096910013
24,52,104,2.017033339
24,14,567,2.753583059
24,15,"7,205",3.857633985
24,16,"9,572",3.98100269
24,17,188,2.274157849
24,61,"10,053",4.002295683
24,18,31,1.491361694
24,19,"1,211",3.083144143
24,20,"16,656",4.221570712
24,21,"8,673",3.938169346
24,22,"2,997",3.476686743
24,23,"3,045",3.483587297
24,48,411,2.613841822
24,56,96,1.982271233
24,25,"62,279",4.794341631
24,53,238,2.376576957
24,26,36,1.556302501
24,27,352,2.546542663
24,28,27,1.431363764
24,44,"13,247",4.122117536
24,58,53,1.72427587
24,29,"17,170",4.234770295
24,30,45,1.653212514
24,49,385,2.58546073
24,31,"8,374",3.922932957
24,32,"1,746",3.242044239
24,59,97,1.986771734
24,51,"2,205",3.343408594
24,45,"7,742",3.888853167
24,33,"2,234",3.349083169
24,34,353,2.547774705
24,35,263,2.419955748
24,36,"11,667",4.066959198
24,60,"18,142",4.258685163
24,50,"1,087",3.036229544
24,37,404,2.606381365
24,38,110,2.041392685
24,39,"1,480",3.170261715
24,41,"46,397",4.6664899
24,46,"27,494",4.439237928
24,40,"2,676",3.427486109
24,42,"128,634",5.109355775
24,47,"13,119",4.117900732
48,0,11,1.041392685
48,1,"2,127",3.32776749
48,43,7,0.84509804
48,2,90,1.954242509
48,3,20,1.301029996
48,4,16,1.204119983
48,54,2,0.301029996
48,55,1,0
48,57,1,0
48,5,202,2.305351369
48,6,"1,111",3.045714059
48,7,"4,105",3.613313161
48,8,1,0
48,9,110,2.041392685
48,10,601,2.778874472
48,11,19,1.278753601
48,12,961,2.982723388
48,13,11,1.041392685
48,52,0,#NUM!
48,14,315,2.498310554
48,15,"2,062",3.314288661
48,16,325,2.511883361
48,17,826,2.916980047
48,61,29,1.462397998
48,18,79,1.897627091
48,19,14,1.146128036
48,20,4,0.602059991
48,21,303,2.481442629
48,22,14,1.146128036
48,23,"6,770",3.830588669
48,24,234,2.369215857
48,56,741,2.869818208
48,25,294,2.46834733
48,53,2,0.301029996
48,26,98,1.991226076
48,27,1,0
48,28,81,1.908485019
48,44,17,1.230448921
48,58,4,0.602059991
48,29,4,0.602059991
48,30,2,0.301029996
48,49,41,1.612783857
48,31,"1,970",3.294466226
48,32,5,0.698970004
48,59,1,0
48,51,21,1.322219295
48,45,3,0.477121255
48,33,234,2.369215857
48,34,227,2.356025857
48,35,"1,293",3.111598525
48,36,"7,097",3.851074805
48,60,3,0.477121255
48,50,2,0.301029996
48,37,27,1.431363764
48,38,8,0.903089987
48,39,32,1.505149978
48,41,4,0.602059991
48,46,107,2.029383778
48,40,734,2.86569606
48,42,175,2.243038049
48,47,20,1.301029996
56,0,7,0.84509804
56,1,1,0
56,43,13,1.113943352
56,2,30,1.477121255
56,3,4,0.602059991
56,4,1,0
56,54,3,0.477121255
56,55,2,0.301029996
56,57,3,0.477121255
56,5,1,0
56,6,461,2.663700925
56,7,102,2.008600172
56,8,1,0
56,9,7,0.84509804
56,10,109,2.037426498
56,11,2,0.301029996
56,12,4,0.602059991
56,13,2,0.301029996
56,52,0,#NUM!
56,14,2,0.301029996
56,15,2,0.301029996
56,16,12,1.079181246
56,17,1,0
56,61,0,#NUM!
56,18,1,0
56,19,2,0.301029996
56,20,3,0.477121255
56,21,12,1.079181246
56,22,1,0
56,23,2,0.301029996
56,24,8,0.903089987
56,48,328,2.515873844
56,25,5,0.698970004
56,53,9,0.954242509
56,26,5,0.698970004
56,27,1,0
56,28,5,0.698970004
56,44,15,1.176091259
56,58,3,0.477121255
56,29,2,0.301029996
56,30,1,0
56,49,8,0.903089987
56,31,2,0.301029996
56,32,1,0
56,59,2,0.301029996
56,51,14,1.146128036
56,45,16,1.204119983
56,33,9,0.954242509
56,34,1,0
56,35,6,0.77815125
56,36,158,2.198657087
56,60,0,#NUM!
56,50,0,#NUM!
56,37,2,0.301029996
56,38,1,0
56,39,1,0
56,41,1,0
56,46,89,1.949390007
56,40,111,2.045322979
56,42,7,0.84509804
56,47,10,1
25,0,"11,016",4.042023927
25,1,887,2.94792362
25,43,"1,080",3.033423755
25,2,"1,791",3.253095586
25,3,124,2.093421685
25,4,"10,180",4.007747778
25,54,353,2.547774705
25,55,34,1.531478917
25,57,312,2.494154594
25,5,"6,965",3.842921121
25,6,728,2.862131379
25,7,"172,792",5.237523631
25,8,40,1.602059991
25,9,"2,341",3.369401414
25,10,"9,829",3.992509335
25,11,"1,681",3.225567713
25,12,"2,404",3.380934463
25,13,109,2.037426498
25,52,52,1.716003344
25,14,565,2.752048448
25,15,"4,345",3.637989781
25,16,"7,322",3.864629725
25,17,"2,479",3.394276527
25,61,"5,376",3.73045926
25,18,119,2.075546961
25,19,"2,032",3.307923704
25,20,"12,989",4.113575717
25,21,"12,093",4.082534053
25,22,936,2.971275849
25,23,"3,405",3.532117116
25,24,"43,366",4.637149365
25,48,444,2.64738297
25,56,70,1.84509804
25,53,201,2.303196057
25,26,167,2.222716471
25,27,989,2.995196292
25,28,70,1.84509804
25,44,"6,088",3.784474644
25,58,8,0.903089987
25,29,"15,918",4.2018885
25,30,133,2.123851641
25,49,394,2.595496222
25,31,"3,928",3.594171479
25,32,"2,531",3.403292145
25,59,65,1.812913357
25,51,762,2.881954971
25,45,"6,733",3.828208614
25,33,"5,406",3.732876041
25,34,430,2.633468456
25,35,625,2.795880017
25,36,"10,549",4.023211292
25,60,"15,804",4.198767021
25,50,478,2.679427897
25,37,"4,512",3.654369091
25,38,929,2.968015714
25,39,"1,078",3.032618761
25,41,"22,948",4.360744841
25,46,"5,640",3.751279104
25,40,"9,512",3.978271842
25,42,"78,717",4.896068534
25,47,"21,078",4.3238294
53,0,37,1.568201724
53,1,9,0.954242509
53,43,7,0.84509804
53,2,34,1.531478917
53,3,24,1.380211242
53,4,12,1.079181246
53,54,3,0.477121255
53,55,1,0
53,57,15,1.176091259
53,5,45,1.653212514
53,6,75,1.875061263
53,7,439,2.64246452
53,8,6,0.77815125
53,9,15,1.176091259
53,10,70,1.84509804
53,11,15,1.176091259
53,12,26,1.414973348
53,13,10,1
53,52,0,#NUM!
53,14,11,1.041392685
53,15,39,1.591064607
53,16,100,2
53,17,10,1
53,61,10,1
53,18,5,0.698970004
53,19,10,1
53,20,38,1.579783597
53,21,46,1.662757832
53,22,11,1.041392685
53,23,22,1.342422681
53,24,138,2.139879086
53,48,14,1.146128036
53,56,2,0.301029996
53,25,341,2.532754379
53,26,12,1.079181246
53,27,5,0.698970004
53,28,11,1.041392685
53,44,20,1.301029996
53,58,6,0.77815125
53,29,16,1.204119983
53,30,8,0.903089987
53,49,1,0
53,31,53,1.72427587
53,32,13,1.113943352
53,59,2,0.301029996
53,51,18,1.255272505
53,45,9,0.954242509
53,33,20,1.301029996
53,34,7,0.84509804
53,35,14,1.146128036
53,36,22,1.342422681
53,60,9,0.954242509
53,50,1,0
53,37,12,1.079181246
53,38,10,1
53,39,13,1.113943352
53,41,62,1.792391689
53,46,602,2.779596491
53,40,23,1.361727836
53,42,182,2.260071388
53,47,419,2.622214023
26,0,67,1.826074803
26,1,238,2.376576957
26,43,7,0.84509804
26,2,655,2.8162413
26,3,43,1.633468456
26,4,12,1.079181246
26,54,3,0.477121255
26,55,1,0
26,57,3,0.477121255
26,5,283,2.451786436
26,6,174,2.240549248
26,7,175,2.243038049
26,8,15,1.176091259
26,9,239,2.378397901
26,10,"2,785",3.4448252
26,11,"1,020",3.008600172
26,12,313,2.495544338
26,13,"1,011",3.004751156
26,52,0,#NUM!
26,14,417,2.620136055
26,15,"1,150",3.06069784
26,16,"1,410",3.149219113
26,17,25,1.397940009
26,61,14,1.146128036
26,18,11,1.041392685
26,19,168,2.225309282
26,20,8,0.903089987
26,21,74,1.86923172
26,22,97,1.986771734
26,23,606,2.782472624
26,24,56,1.748188027
26,48,122,2.086359831
26,56,24,1.380211242
26,25,42,1.62324929
26,53,1,0
26,27,20,1.301029996
26,28,"2,331",3.367542274
26,44,39,1.591064607
26,58,8,0.903089987
26,29,22,1.342422681
26,30,2,0.301029996
26,49,8,0.903089987
26,31,"1,154",3.062205809
26,32,"1,154",3.062205809
26,59,2,0.301029996
26,51,34,1.531478917
26,45,34,1.531478917
26,33,"2,207",3.343802333
26,34,82,1.913813852
26,35,67,1.826074803
26,36,"2,279",3.357744325
26,60,30,1.477121255
26,50,4,0.602059991
26,37,82,1.913813852
26,38,119,2.075546961
26,39,"1,073",3.030599722
26,41,13,1.113943352
26,46,226,2.354108439
26,40,126,2.100370545
26,42,"1,813",3.258397804
26,47,37,1.568201724
27,0,80,1.903089987
27,1,"1,620",3.209515015
27,43,1,0
27,2,"7,934",3.899492196
27,3,177,2.247973266
27,4,35,1.544068044
27,54,3,0.477121255
27,55,1,0
27,57,9,0.954242509
27,5,237,2.374748346
27,6,"6,545",3.815909651
27,7,603,2.780317312
27,8,498,2.697229343
27,9,666,2.823474229
27,10,"12,278",4.089127629
27,11,678,2.831229694
27,12,"1,276",3.105850674
27,13,108,2.033423755
27,52,0,#NUM!
27,14,427,2.630427875
27,15,"5,849",3.767081621
27,16,"2,988",3.475380593
27,17,664,2.822168079
27,61,"1,678",3.224791956
27,18,51,1.707570176
27,19,494,2.693726949
27,20,6,0.77815125
27,21,24,1.380211242
27,22,"4,274",3.630834518
27,23,"5,509",3.741072772
27,24,710,2.851258349
27,48,17,1.230448921
27,56,2,0.301029996
27,25,43,1.633468456
27,53,5,0.698970004
27,26,42,1.62324929
27,28,124,2.093421685
27,44,20,1.301029996
27,58,7,0.84509804
27,29,53,1.72427587
27,30,"2,087",3.319522449
27,49,3,0.477121255
27,31,"4,202",3.623456048
27,32,746,2.872738827
27,59,1,0
27,51,25,1.397940009
27,45,9,0.954242509
27,33,817,2.912222057
27,34,635,2.802773725
27,35,196,2.292256071
27,36,802,2.904174368
27,60,842,2.925312091
27,50,11,1.041392685
27,37,180,2.255272505
27,38,117,2.068185862
27,39,"1,677",3.224533063
27,41,356,2.551449998
27,46,105,2.021189299
27,40,116,2.064457989
27,42,283,2.451786436
27,47,9,0.954242509
28,0,13,1.113943352
28,1,117,2.068185862
28,43,9,0.954242509
28,2,222,2.346352974
28,3,20,1.301029996
28,4,4,0.602059991
28,54,3,0.477121255
28,55,1,0
28,57,2,0.301029996
28,5,54,1.73239376
28,6,530,2.72427587
28,7,103,2.012837225
28,8,84,1.924279286
28,9,99,1.995635195
28,10,958,2.981365509
28,11,533,2.726727209
28,12,237,2.374748346
28,13,"1,141",3.057285644
28,52,0,#NUM!
28,14,326,2.5132176
28,15,380,2.579783597
28,16,717,2.855519156
28,17,31,1.491361694
28,61,5,0.698970004
28,18,4,0.602059991
28,19,45,1.653212514
28,20,1,0
28,21,17,1.230448921
28,22,81,1.908485019
28,23,180,2.255272505
28,24,51,1.707570176
28,48,84,1.924279286
28,56,19,1.278753601
28,25,70,1.84509804
28,53,1,0
28,26,"1,370",3.136720567
28,27,20,1.301029996
28,44,26,1.414973348
28,58,7,0.84509804
28,29,9,0.954242509
28,30,12,1.079181246
28,49,7,0.84509804
28,31,315,2.498310554
28,32,571,2.756636108
28,59,1,0
28,51,31,1.491361694
28,45,24,1.380211242
28,33,482,2.683047038
28,34,14,1.146128036
28,35,23,1.361727836
28,36,"1,088",3.036628895
28,60,22,1.342422681
28,50,1,0
28,37,47,1.672097858
28,38,42,1.62324929
28,39,869,2.939019776
28,41,4,0.602059991
28,46,209,2.320146286
28,40,70,1.84509804
28,42,233,2.367355921
28,47,10,1
44,0,"9,377",3.972063916
44,1,131,2.117271296
44,43,"1,895",3.277609214
44,2,704,2.847572659
44,3,32,1.505149978
44,4,604,2.781036939
44,54,577,2.761175813
44,55,8,0.903089987
44,57,266,2.424881637
44,5,797,2.901458321
44,6,729,2.862727528
44,7,"16,555",4.218929185
44,8,11,1.041392685
44,9,257,2.409933123
44,10,"3,636",3.560623875
44,11,174,2.240549248
44,12,386,2.586587305
44,13,43,1.633468456
44,52,76,1.880813592
44,14,138,2.139879086
44,15,"1,209",3.082426301
44,16,"2,002",3.301464073
44,17,134,2.127104798
44,61,"1,781",3.250663919
44,18,15,1.176091259
44,19,152,2.181843588
44,20,"5,601",3.748265573
44,21,"5,366",3.729650668
44,22,968,2.985875357
44,23,691,2.839478047
44,24,"14,899",4.17315712
44,48,75,1.875061263
44,56,17,1.230448921
44,25,"5,212",3.717004407
44,53,164,2.214843848
44,26,33,1.51851394
44,27,11,1.041392685
44,28,24,1.380211242
44,58,182,2.260071388
44,29,941,2.973589623
44,30,31,1.491361694
44,49,50,1.698970004
44,31,"4,301",3.633569443
44,32,323,2.509202522
44,59,103,2.012837225
44,51,"1,622",3.21005085
44,45,"4,231",3.626443025
44,33,452,2.655138435
44,34,51,1.707570176
44,35,69,1.838849091
44,36,423,2.626340367
44,60,"13,419",4.127720153
44,50,750,2.875061263
44,37,97,1.986771734
44,38,72,1.857332496
44,39,275,2.439332694
44,41,"4,069",3.60948769
44,46,"7,468",3.873204309
44,40,459,2.661812686
44,42,"10,575",4.024280376
44,47,"4,241",3.627468272
58,0,24,1.380211242
58,1,5,0.698970004
58,43,1,0
58,2,5,0.698970004
58,3,3,0.477121255
58,4,6,0.77815125
58,54,4,0.602059991
58,55,2,0.301029996
58,57,3,0.477121255
58,5,40,1.602059991
58,6,8,0.903089987
58,7,66,1.819543936
58,8,3,0.477121255
58,9,9,0.954242509
58,10,79,1.897627091
58,11,12,1.079181246
58,12,9,0.954242509
58,13,6,0.77815125
58,52,0,#NUM!
58,14,5,0.698970004
58,15,7,0.84509804
58,16,550,2.740362689
58,17,6,0.77815125
58,61,7,0.84509804
58,18,3,0.477121255
58,19,6,0.77815125
58,20,15,1.176091259
58,21,68,1.832508913
58,22,10,1
58,23,7,0.84509804
58,24,144,2.158362492
58,48,39,1.591064607
58,56,2,0.301029996
58,25,39,1.591064607
58,53,1,0
58,26,8,0.903089987
58,27,3,0.477121255
58,28,8,0.903089987
58,44,16,1.204119983
58,29,8,0.903089987
58,30,4,0.602059991
58,49,1,0
58,31,33,1.51851394
58,32,5,0.698970004
58,59,1,0
58,51,6,0.77815125
58,45,8,0.903089987
58,33,9,0.954242509
58,34,5,0.698970004
58,35,10,1
58,36,33,1.51851394
58,60,1,0
58,50,18,1.255272505
58,37,7,0.84509804
58,38,6,0.77815125
58,39,6,0.77815125
58,41,28,1.447158031
58,46,111,2.045322979
58,40,8,0.903089987
58,42,131,2.117271296
58,47,2,0.301029996
29,0,"1,704",3.23146959
29,1,177,2.247973266
29,43,8,0.903089987
29,2,"1,183",3.072984745
29,3,12,1.079181246
29,4,"4,639",3.666424373
29,54,9,0.954242509
29,55,2,0.301029996
29,57,6,0.77815125
29,5,"21,041",4.323066376
29,6,"1,047",3.019946682
29,7,"6,636",3.821906377
29,8,7,0.84509804
29,9,435,2.638489257
29,10,"4,423",3.645716939
29,11,170,2.230448921
29,12,"4,086",3.611298362
29,13,14,1.146128036
29,52,1,0
29,14,135,2.130333768
29,15,"2,158",3.33405144
29,16,"2,151",3.33264041
29,17,17,1.230448921
29,61,165,2.217483944
29,18,6,0.77815125
29,19,223,2.348304863
29,20,190,2.278753601
29,21,"1,719",3.235275877
29,22,547,2.737987326
29,23,"1,209",3.082426301
29,24,"4,419",3.645324002
29,48,69,1.838849091
29,56,8,0.903089987
29,25,"2,274",3.35679046
29,53,5,0.698970004
29,26,71,1.851258349
29,27,33,1.51851394
29,28,25,1.397940009
29,44,311,2.492760389
29,58,6,0.77815125
29,30,4,0.602059991
29,49,14,1.146128036
29,31,"1,080",3.033423755
29,32,172,2.235528447
29,59,4,0.602059991
29,51,59,1.770852012
29,45,118,2.071882007
29,33,347,2.540329475
29,34,59,1.770852012
29,35,111,2.045322979
29,36,205,2.311753861
29,60,647,2.810904281
29,50,13,1.113943352
29,37,60,1.77815125
29,38,19,1.278753601
29,39,115,2.06069784
29,41,466,2.668385917
29,46,527,2.721810615
29,40,889,2.948901761
29,42,"284,251",5.453702001
29,47,205,2.311753861
30,0,14,1.146128036
30,1,382,2.582063363
30,43,2,0.301029996
30,2,255,2.40654018
30,3,74,1.86923172
30,4,9,0.954242509
30,54,2,0.301029996
30,55,1,0
30,57,2,0.301029996
30,5,237,2.374748346
30,6,211,2.324282455
30,7,57,1.755874856
30,8,107,2.029383778
30,9,177,2.247973266
30,10,302,2.480006943
30,11,256,2.408239965
30,12,57,1.755874856
30,13,57,1.755874856
30,52,0,#NUM!
30,14,29,1.462397998
30,15,482,2.683047038
30,16,"3,368",3.527372083
30,17,104,2.017033339
30,61,2,0.301029996
30,18,88,1.944482672
30,19,64,1.806179974
30,20,1,0
30,21,4,0.602059991
30,22,68,1.832508913
30,23,846,2.927370363
30,24,87,1.939519253
30,48,29,1.462397998
30,56,2,0.301029996
30,25,30,1.477121255
30,53,0,#NUM!
30,26,48,1.681241237
30,27,214,2.330413773
30,28,19,1.278753601
30,44,30,1.477121255
30,58,5,0.698970004
30,29,18,1.255272505
30,49,3,0.477121255
30,31,342,2.534026106
30,32,558,2.746634199
30,59,1,0
30,51,11,1.041392685
30,45,22,1.342422681
30,33,236,2.372912003
30,34,9,0.954242509
30,35,481,2.682145076
30,36,27,1.431363764
30,60,18,1.255272505
30,50,1,0
30,37,62,1.792391689
30,38,18,1.255272505
30,39,503,2.701567985
30,41,2,0.301029996
30,46,153,2.184691431
30,40,177,2.247973266
30,42,107,2.029383778
30,47,19,1.278753601
49,0,16,1.204119983
49,1,4,0.602059991
49,43,2,0.301029996
49,2,4,0.602059991
49,3,2,0.301029996
49,4,3,0.477121255
49,54,1,0
49,55,3,0.477121255
49,57,2,0.301029996
49,5,4,0.602059991
49,6,20,1.301029996
49,7,"4,571",3.660011221
49,8,1,0
49,9,4,0.602059991
49,10,16,1.204119983
49,11,10,1
49,12,4,0.602059991
49,13,3,0.477121255
49,52,2,0.301029996
49,14,3,0.477121255
49,15,11,1.041392685
49,16,192,2.283301229
49,17,2,0.301029996
49,61,15,1.176091259
49,18,1,0
49,19,3,0.477121255
49,20,5,0.698970004
49,21,10,1
49,22,4,0.602059991
49,23,80,1.903089987
49,24,50,1.698970004
49,48,9,0.954242509
49,56,7,0.84509804
49,25,19,1.278753601
49,53,2,0.301029996
49,26,4,0.602059991
49,27,2,0.301029996
49,28,3,0.477121255
49,44,6,0.77815125
49,58,1,0
49,29,4,0.602059991
49,30,2,0.301029996
49,31,10,1
49,32,3,0.477121255
49,59,4,0.602059991
49,51,2,0.301029996
49,45,4,0.602059991
49,33,4,0.602059991
49,34,3,0.477121255
49,35,4,0.602059991
49,36,353,2.547774705
49,60,4,0.602059991
49,50,1,0
49,37,3,0.477121255
49,38,3,0.477121255
49,39,3,0.477121255
49,41,5,0.698970004
49,46,10,1
49,40,4,0.602059991
49,42,65,1.812913357
49,47,8,0.903089987
31,0,"3,599",3.556181847
31,1,"3,607",3.557146142
31,43,211,2.324282455
31,2,"49,754",4.696828002
31,3,677,2.830588669
31,4,"3,994",3.601408061
31,54,51,1.707570176
31,55,2,0.301029996
31,57,19,1.278753601
31,5,"2,792",3.445915414
31,6,"8,160",3.911690159
31,7,"14,711",4.167642195
31,8,343,2.53529412
31,9,"4,783",3.679700381
31,10,"141,821",5.151740543
31,11,"5,707",3.756407873
31,12,"11,758",4.070333456
31,13,648,2.811575006
31,52,3,0.477121255
31,14,"3,977",3.599555591
31,15,"41,447",4.617493101
31,16,"43,137",4.634849938
31,17,"1,337",3.126131407
31,61,"9,729",3.988068203
31,18,546,2.737192643
31,19,"2,903",3.462847036
31,20,"1,149",3.060320029
31,21,"2,948",3.469527479
31,22,"16,089",4.206529052
31,23,"27,137",4.433561835
31,24,"3,295",3.517855419
31,48,244,2.387389826
31,56,22,1.342422681
31,25,"3,479",3.541454429
31,53,12,1.079181246
31,26,818,2.912753304
31,27,"1,586",3.200303183
31,28,456,2.658964843
31,44,"1,376",3.138618434
31,58,18,1.255272505
31,29,"1,662",3.220631019
31,30,995,2.997823081
31,49,15,1.176091259
31,32,"5,204",3.716337288
31,59,22,1.342422681
31,51,361,2.557507202
31,45,536,2.72916479
31,33,"8,162",3.91179659
31,34,"2,397",3.379668034
31,35,"1,876",3.273232834
31,36,"5,197",3.715752717
31,60,"7,800",3.892094603
31,50,118,2.071882007
31,37,"1,264",3.101747074
31,38,551,2.741151599
31,39,"8,198",3.913707914
31,41,"2,381",3.376759395
31,46,885,2.946943271
31,40,"3,703",3.568553712
31,42,"27,250",4.435366507
31,47,544,2.7355989
32,0,467,2.669316881
32,1,295,2.469822016
32,43,30,1.477121255
32,2,"4,041",3.60648885
32,3,34,1.531478917
32,4,"2,814",3.449324093
32,54,7,0.84509804
32,55,1,0
32,57,2,0.301029996
32,5,"1,785",3.25163822
32,6,347,2.540329475
32,7,"3,350",3.525044807
32,8,19,1.278753601
32,9,178,2.250420002
32,10,"15,301",4.184719815
32,11,"5,686",3.754806855
32,12,"3,573",3.553033016
32,13,182,2.260071388
32,52,0,#NUM!
32,14,"2,208",3.343999069
32,15,"8,997",3.95409772
32,16,"20,290",4.307282047
32,17,188,2.274157849
32,61,103,2.012837225
32,18,49,1.69019608
32,19,106,2.025305865
32,20,141,2.149219113
32,21,332,2.521138084
32,22,897,2.952792443
32,23,"1,318",3.11991541
32,24,"2,011",3.303412071
32,48,54,1.73239376
32,56,6,0.77815125
32,25,"2,801",3.447313109
32,53,1,0
32,26,655,2.8162413
32,27,535,2.728353782
32,28,145,2.161368002
32,44,234,2.369215857
32,58,4,0.602059991
32,29,176,2.245512668
32,30,53,1.72427587
32,49,3,0.477121255
32,31,"3,251",3.512016969
32,59,2,0.301029996
32,51,31,1.491361694
32,45,58,1.763427994
32,33,"3,041",3.48301642
32,34,231,2.36361198
32,35,144,2.158362492
32,36,"2,626",3.419294722
32,60,"2,264",3.354876423
32,50,16,1.204119983
32,37,28,1.447158031
32,38,18,1.255272505
32,39,"9,846",3.993259831
32,41,356,2.551449998
32,46,394,2.595496222
32,40,897,2.952792443
32,42,"5,663",3.753046562
32,47,116,2.064457989
59,0,14,1.146128036
59,1,3,0.477121255
59,43,1,0
59,2,4,0.602059991
59,3,5,0.698970004
59,4,2,0.301029996
59,54,2,0.301029996
59,55,19,1.278753601
59,57,1,0
59,5,6,0.77815125
59,6,70,1.84509804
59,7,32,1.505149978
59,8,0,#NUM!
59,9,2,0.301029996
59,10,79,1.897627091
59,11,3,0.477121255
59,12,4,0.602059991
59,13,1,0
59,52,0,#NUM!
59,14,1,0
59,15,7,0.84509804
59,16,24,1.380211242
59,17,1,0
59,61,4,0.602059991
59,18,1,0
59,19,1,0
59,20,2,0.301029996
59,21,498,2.697229343
59,22,1,0
59,23,6,0.77815125
59,24,17,1.230448921
59,48,6,0.77815125
59,56,1,0
59,25,16,1.204119983
59,53,0,#NUM!
59,26,1,0
59,27,1,0
59,28,1,0
59,44,4,0.602059991
59,58,2,0.301029996
59,29,1,0
59,30,1,0
59,49,1,0
59,31,3,0.477121255
59,32,2,0.301029996
59,51,4,0.602059991
59,45,4,0.602059991
59,33,2,0.301029996
59,34,1,0
59,35,2,0.301029996
59,36,9,0.954242509
59,60,4,0.602059991
59,50,0,#NUM!
59,37,1,0
59,38,3,0.477121255
59,39,2,0.301029996
59,41,2,0.301029996
59,46,22,1.342422681
59,40,7,0.84509804
59,42,52,1.716003344
59,47,1,0
51,0,582,2.764922985
51,1,27,1.431363764
51,43,566,2.752816431
51,2,430,2.633468456
51,3,16,1.204119983
51,4,51,1.707570176
51,54,2,0.301029996
51,55,1,0
51,57,49,1.69019608
51,5,230,2.361727836
51,6,159,2.201397124
51,7,"2,238",3.349860082
51,8,6,0.77815125
51,9,52,1.716003344
51,10,"1,009",3.003891166
51,11,92,1.963787827
51,12,500,2.698970004
51,13,27,1.431363764
51,52,2,0.301029996
51,14,49,1.69019608
51,15,410,2.612783857
51,16,"1,230",3.089905111
51,17,50,1.698970004
51,61,458,2.660865478
51,18,8,0.903089987
51,19,15,1.176091259
51,20,502,2.700703717
51,21,520,2.716003344
51,22,80,1.903089987
51,23,567,2.753583059
51,24,260,2.414973348
51,48,52,1.716003344
51,56,5,0.698970004
51,25,486,2.686636269
51,53,22,1.342422681
51,26,31,1.491361694
51,27,3,0.477121255
51,28,19,1.278753601
51,44,96,1.982271233
51,58,9,0.954242509
51,29,111,2.045322979
51,30,7,0.84509804
51,49,1,0
51,31,494,2.693726949
51,32,52,1.716003344
51,59,7,0.84509804
51,45,103,2.012837225
51,33,97,1.986771734
51,34,110,2.041392685
51,35,34,1.531478917
51,36,136,2.133538908
51,60,135,2.130333768
51,50,197,2.294466226
51,37,10,1
51,38,26,1.414973348
51,39,89,1.949390007
51,41,129,2.11058971
51,46,141,2.149219113
51,40,408,2.610660163
51,42,"2,227",3.347720217
51,47,189,2.276461804
45,0,"1,627",3.211387553
45,1,78,1.892094603
45,43,53,1.72427587
45,2,259,2.413299764
45,3,11,1.041392685
45,4,359,2.555094449
45,54,27,1.431363764
45,55,5,0.698970004
45,57,24,1.380211242
45,5,"1,385",3.141449773
45,6,477,2.678518379
45,7,"7,082",3.850155922
45,8,3,0.477121255
45,9,111,2.045322979
45,10,"3,203",3.505556939
45,11,63,1.799340549
45,12,260,2.414973348
45,13,5,0.698970004
45,52,1,0
45,14,95,1.977723605
45,15,510,2.707570176
45,16,"3,036",3.482301767
45,17,10,1
45,61,411,2.613841822
45,18,3,0.477121255
45,19,251,2.399673721
45,20,924,2.965671971
45,21,272,2.434568904
45,22,853,2.930949031
45,23,359,2.555094449
45,24,"12,471",4.095901279
45,48,40,1.602059991
45,56,3,0.477121255
45,25,"3,362",3.526597709
45,53,8,0.903089987
45,26,7,0.84509804
45,27,7,0.84509804
45,28,3,0.477121255
45,44,"1,970",3.294466226
45,58,11,1.041392685
45,29,342,2.534026106
45,30,12,1.079181246
45,49,5,0.698970004
45,31,"2,250",3.352182518
45,32,91,1.959041392
45,59,7,0.84509804
45,51,68,1.832508913
45,33,72,1.857332496
45,34,13,1.113943352
45,35,19,1.278753601
45,36,59,1.770852012
45,60,"3,080",3.488550717
45,50,46,1.662757832
45,37,26,1.414973348
45,38,6,0.77815125
45,39,158,2.198657087
45,41,"1,704",3.23146959
45,46,"2,940",3.46834733
45,40,55,1.740362689
45,42,"9,619",3.983129925
45,47,948,2.976808337
33,0,920,2.963787827
33,1,"4,468",3.650113164
33,43,79,1.897627091
33,2,"7,475",3.873611197
33,3,"1,188",3.074816441
33,4,660,2.819543936
33,54,3,0.477121255
33,55,1,0
33,57,2,0.301029996
33,5,"1,931",3.285782274
33,6,"4,139",3.616895426
33,7,"3,543",3.549371152
33,8,250,2.397940009
33,9,"16,235",4.210452293
33,10,"69,418",4.841472097
33,11,"5,100",3.707570176
33,12,"7,298",3.863203859
33,13,"1,770",3.247973266
33,52,0,#NUM!
33,14,"2,522",3.401745082
33,15,"15,308",4.184918454
33,16,"15,407",4.187718083
33,17,574,2.758911892
33,61,215,2.33243846
33,18,663,2.821513528
33,19,"6,211",3.793161529
33,20,219,2.340444115
33,21,554,2.743509765
33,22,"1,621",3.209783015
33,23,"11,720",4.068927612
33,24,"1,157",3.063333359
33,48,469,2.671172843
33,56,44,1.643452676
33,25,"1,545",3.188928484
33,53,1,0
33,26,"3,386",3.529686954
33,27,669,2.825426118
33,28,"1,802",3.255754787
33,44,172,2.235528447
33,58,6,0.77815125
33,29,"1,048",3.020361283
33,30,179,2.252853031
33,49,36,1.556302501
33,31,"9,275",3.967313918
33,32,"4,408",3.644241586
33,59,5,0.698970004
33,51,106,2.025305865
33,45,45,1.653212514
33,34,812,2.909556029
33,35,"4,489",3.652149605
33,36,"8,388",3.923658422
33,60,236,2.372912003
33,50,21,1.322219295
33,37,"6,672",3.824256038
33,38,905,2.956648579
33,39,"7,890",3.897077003
33,41,282,2.450249108
33,46,365,2.562292864
33,40,"4,362",3.639685661
33,42,"5,988",3.777281792
33,47,170,2.230448921
34,0,195,2.290034611
34,1,455,2.658011397
34,43,8,0.903089987
34,2,"2,106",3.323458367
34,3,88,1.944482672
34,4,"1,855",3.268343914
34,54,5,0.698970004
34,55,1,0
34,57,4,0.602059991
34,5,477,2.678518379
34,6,909,2.958563883
34,7,986,2.993876915
34,8,34,1.531478917
34,9,385,2.58546073
34,10,"5,585",3.747023177
34,11,317,2.501059262
34,12,"12,674",4.102913703
34,13,30,1.477121255
34,52,0,#NUM!
34,14,254,2.404833717
34,15,"6,628",3.8213825
34,16,"3,717",3.570192561
34,17,165,2.217483944
34,61,51,1.707570176
34,18,23,1.361727836
34,19,252,2.401400541
34,20,67,1.826074803
34,21,86,1.934498451
34,22,420,2.62324929
34,23,"2,072",3.316389751
34,24,209,2.320146286
34,48,35,1.544068044
34,56,4,0.602059991
34,25,161,2.206825876
34,53,1,0
34,26,35,1.544068044
34,27,119,2.075546961
34,28,16,1.204119983
34,44,48,1.681241237
34,58,4,0.602059991
34,29,401,2.603144373
34,30,20,1.301029996
34,49,3,0.477121255
34,31,"1,486",3.172018809
34,32,442,2.645422269
34,59,1,0
34,51,23,1.361727836
34,45,21,1.322219295
34,33,572,2.757396029
34,35,263,2.419955748
34,36,264,2.421603927
34,60,554,2.743509765
34,50,6,0.77815125
34,37,130,2.113943352
34,38,46,1.662757832
34,39,588,2.769377326
34,41,133,2.123851641
34,46,201,2.303196057
34,40,647,2.810904281
34,42,"3,182",3.502700175
34,47,82,1.913813852
35,0,85,1.929418926
35,1,"2,585",3.412460547
35,43,27,1.431363764
35,2,"2,560",3.408239965
35,3,"1,690",3.227886705
35,4,216,2.334453751
35,54,4,0.602059991
35,55,1,0
35,57,2,0.301029996
35,5,398,2.599883072
35,6,976,2.989449818
35,7,833,2.920645001
35,8,95,1.977723605
35,9,"1,066",3.027757205
35,10,"11,753",4.070148736
35,11,443,2.646403726
35,12,"1,792",3.253338005
35,13,100,2
35,52,0,#NUM!
35,14,187,2.271841607
35,15,"4,926",3.692494408
35,16,"2,064",3.314709693
35,17,555,2.744292983
35,61,15,1.176091259
35,18,188,2.274157849
35,19,"2,591",3.413467413
35,20,25,1.397940009
35,21,222,2.346352974
35,22,312,2.494154594
35,23,"7,216",3.858296525
35,24,281,2.44870632
35,48,110,2.041392685
35,56,14,1.146128036
35,25,428,2.631443769
35,53,1,0
35,26,57,1.755874856
35,27,858,2.933487288
35,28,21,1.322219295
35,44,34,1.531478917
35,58,6,0.77815125
35,29,216,2.334453751
35,30,39,1.591064607
35,49,6,0.77815125
35,31,"1,620",3.209515015
35,32,349,2.542825427
35,59,1,0
35,51,153,2.184691431
35,45,64,1.806179974
35,33,"1,572",3.196452542
35,34,168,2.225309282
35,36,796,2.900913068
35,60,134,2.127104798
35,50,15,1.176091259
35,37,780,2.892094603
35,38,272,2.434568904
35,39,877,2.942999593
35,41,43,1.633468456
35,46,370,2.568201724
35,40,"2,419",3.383635868
35,42,"1,974",3.295347148
35,47,51,1.707570176
36,0,791,2.898176483
36,1,"6,034",3.780605306
36,43,227,2.356025857
36,2,"4,336",3.637089274
36,3,525,2.720159303
36,4,"1,047",3.019946682
36,54,1,0
36,55,2,0.301029996
36,57,2,0.301029996
36,5,"2,212",3.344785123
36,6,"6,019",3.779524343
36,7,"22,575",4.353627759
36,8,626,2.796574333
36,9,"4,077",3.610340711
36,10,"21,863",4.339709755
36,11,756,2.878521796
36,12,"3,264",3.51375015
36,13,567,2.753583059
36,52,1,0
36,14,"4,155",3.618571028
36,15,"4,885",3.688864568
36,16,"6,862",3.836450714
36,17,784,2.894316063
36,61,140,2.146128036
36,18,616,2.789580712
36,19,843,2.925827575
36,20,781,2.892651034
36,21,"2,420",3.383815366
36,22,"1,394",3.144262774
36,23,"9,474",3.97653338
36,24,"16,664",4.221779257
36,48,"7,316",3.864273697
36,56,"1,242",3.094121596
36,25,"5,798",3.763278211
36,53,1,0
36,26,"3,474",3.540829814
36,27,549,2.739572344
36,28,931,2.968949681
36,44,909,2.958563883
36,58,3,0.477121255
36,29,337,2.527629901
36,30,40,1.602059991
36,49,"1,114",3.046885191
36,31,"2,076",3.317227349
36,32,862,2.935507266
36,59,8,0.903089987
36,51,149,2.173186268
36,45,774,2.888740961
36,33,"20,154",4.304361254
36,34,253,2.403120521
36,35,"2,670",3.426511261
36,60,"1,545",3.188928484
36,50,166,2.220108088
36,37,"1,606",3.205745541
36,38,153,2.184691431
36,39,"4,182",3.621384028
36,41,58,1.763427994
36,46,"1,791",3.253095586
36,40,"6,251",3.795949499
36,42,"9,622",3.983265353
36,47,507,2.705007959
60,0,"5,081",3.705949195
60,1,98,1.991226076
60,43,"3,453",3.538196578
60,2,765,2.883661435
60,3,8,0.903089987
60,4,719,2.85672889
60,54,252,2.401400541
60,55,21,1.322219295
60,57,41,1.612783857
60,5,"1,460",3.164352856
60,6,564,2.751279104
60,7,"19,067",4.280282367
60,8,6,0.77815125
60,9,480,2.681241237
60,10,"5,928",3.772908195
60,11,566,2.752816431
60,12,608,2.783903579
60,13,6,0.77815125
60,52,327,2.514547753
60,14,288,2.459392488
60,15,"3,191",3.503926804
60,16,"6,045",3.781396305
60,17,61,1.785329835
60,61,"10,798",4.033343323
60,18,9,0.954242509
60,19,481,2.682145076
60,20,"5,816",3.764624398
60,21,"6,864",3.836577275
60,22,716,2.854913022
60,23,589,2.770115295
60,24,"7,607",3.881213416
60,48,203,2.307496038
60,56,10,1
60,25,"8,464",3.927575655
60,53,160,2.204119983
60,26,3,0.477121255
60,27,"1,470",3.167317335
60,28,2,0.301029996
60,44,"10,474",4.02011257
60,58,363,2.559906625
60,29,762,2.881954971
60,30,22,1.342422681
60,49,34,1.531478917
60,31,"2,317",3.364926034
60,32,"1,469",3.167021796
60,59,171,2.23299611
60,51,"3,766",3.575880316
60,45,"2,466",3.391993072
60,33,238,2.376576957
60,34,145,2.161368002
60,35,23,1.361727836
60,36,215,2.33243846
60,50,"1,867",3.271144318
60,37,24,1.380211242
60,38,18,1.255272505
60,39,434,2.63748973
60,41,"5,436",3.735279448
60,46,"2,150",3.33243846
60,40,225,2.352182518
60,42,"14,942",4.174408732
60,47,"1,526",3.183554534
50,0,404,2.606381365
50,1,33,1.51851394
50,43,70,1.84509804
50,2,480,2.681241237
50,3,4,0.602059991
50,4,50,1.698970004
50,54,2,0.301029996
50,55,1,0
50,57,10,1
50,5,177,2.247973266
50,6,284,2.45331834
50,7,144,2.158362492
50,8,7,0.84509804
50,9,26,1.414973348
50,10,659,2.818885415
50,11,67,1.826074803
50,12,95,1.977723605
50,13,10,1
50,52,3,0.477121255
50,14,22,1.342422681
50,15,326,2.5132176
50,16,"1,585",3.200029267
50,17,9,0.954242509
50,61,224,2.350248018
50,18,4,0.602059991
50,19,12,1.079181246
50,20,88,1.944482672
50,21,894,2.951337519
50,22,170,2.230448921
50,23,420,2.62324929
50,24,492,2.691965103
50,48,23,1.361727836
50,56,8,0.903089987
50,25,169,2.227886705
50,53,6,0.77815125
50,26,15,1.176091259
50,27,3,0.477121255
50,28,15,1.176091259
50,44,39,1.591064607
50,58,144,2.158362492
50,29,68,1.832508913
50,30,15,1.176091259
50,49,1,0
50,31,267,2.426511261
50,32,58,1.763427994
50,59,3,0.477121255
50,51,53,1.72427587
50,45,37,1.568201724
50,33,77,1.886490725
50,34,9,0.954242509
50,35,14,1.146128036
50,36,261,2.416640507
50,60,105,2.021189299
50,37,26,1.414973348
50,38,8,0.903089987
50,39,72,1.857332496
50,41,33,1.51851394
50,46,95,1.977723605
50,40,162,2.209515015
50,42,"2,297",3.361160995
50,47,107,2.029383778
37,0,639,2.805500858
37,1,"3,786",3.57818061
37,43,1,0
37,2,"1,501",3.176380692
37,3,321,2.506505032
37,4,120,2.079181246
37,54,4,0.602059991
37,55,1,0
37,57,3,0.477121255
37,5,342,2.534026106
37,6,"1,226",3.08849047
37,7,"3,126",3.494988974
37,8,51,1.707570176
37,9,"9,233",3.965342836
37,10,"17,067",4.232157188
37,11,477,2.678518379
37,12,"1,894",3.277379975
37,13,74,1.86923172
37,52,0,#NUM!
37,14,247,2.392696953
37,15,"4,372",3.640680153
37,16,"5,015",3.700270937
37,17,120,2.079181246
37,61,13,1.113943352
37,18,351,2.545307116
37,19,"4,143",3.617314933
37,20,9,0.954242509
37,21,45,1.653212514
37,22,533,2.726727209
37,23,"4,009",3.603036056
37,24,180,2.255272505
37,48,65,1.812913357
37,56,5,0.698970004
37,25,397,2.598790507
37,53,1,0
37,26,152,2.181843588
37,27,277,2.442479769
37,28,116,2.064457989
37,44,28,1.447158031
37,58,7,0.84509804
37,29,157,2.195899652
37,30,22,1.342422681
37,49,7,0.84509804
37,31,"1,924",3.284205068
37,32,414,2.617000341
37,59,2,0.301029996
37,51,97,1.986771734
37,45,26,1.414973348
37,33,"5,956",3.774954689
37,34,204,2.309630167
37,35,"1,438",3.157758886
37,36,"3,173",3.501470072
37,60,31,1.491361694
37,50,6,0.77815125
37,38,506,2.704150517
37,39,"1,011",3.004751156
37,41,45,1.653212514
37,46,124,2.093421685
37,40,"1,111",3.045714059
37,42,"1,905",3.27989498
37,47,30,1.477121255
38,0,120,2.079181246
38,1,"2,174",3.33725954
38,43,2,0.301029996
38,2,679,2.831869774
38,3,213,2.328379603
38,4,59,1.770852012
38,54,2,0.301029996
38,55,1,0
38,57,1,0
38,5,136,2.133538908
38,6,625,2.795880017
38,7,254,2.404833717
38,8,25,1.397940009
38,9,689,2.838219222
38,10,"6,139",3.788097633
38,11,295,2.469822016
38,12,380,2.579783597
38,13,38,1.579783597
38,52,0,#NUM!
38,14,81,1.908485019
38,15,"1,603",3.204933522
38,16,582,2.764922985
38,17,76,1.880813592
38,61,22,1.342422681
38,18,"1,929",3.285332228
38,19,921,2.96425963
38,20,13,1.113943352
38,21,83,1.919078092
38,22,83,1.919078092
38,23,"3,157",3.499274582
38,24,53,1.72427587
38,48,122,2.086359831
38,56,8,0.903089987
38,25,113,2.053078443
38,53,1,0
38,26,83,1.919078092
38,27,86,1.934498451
38,28,55,1.740362689
38,44,22,1.342422681
38,58,5,0.698970004
38,29,91,1.959041392
38,30,4,0.602059991
38,49,8,0.903089987
38,31,395,2.596597096
38,32,117,2.068185862
38,59,1,0
38,51,24,1.380211242
38,45,26,1.414973348
38,33,963,2.983626287
38,34,64,1.806179974
38,35,485,2.685741739
38,36,460,2.662757832
38,60,38,1.579783597
38,50,2,0.301029996
38,37,473,2.674861141
38,39,356,2.551449998
38,41,19,1.278753601
38,46,167,2.222716471
38,40,320,2.505149978
38,42,558,2.746634199
38,47,21,1.322219295
39,0,"1,816",3.259115844
39,1,"1,491",3.173477643
39,43,136,2.133538908
39,2,"5,912",3.771734425
39,3,198,2.29666519
39,4,"1,690",3.227886705
39,54,8,0.903089987
39,55,23,1.361727836
39,57,6,0.77815125
39,5,"1,740",3.240549248
39,6,"2,977",3.473778835
39,7,"6,973",3.843419665
39,8,135,2.130333768
39,9,"1,346",3.12904506
39,10,"18,843",4.275150048
39,11,"17,131",4.233782715
39,12,"3,216",3.50731604
39,13,"1,363",3.134495856
39,52,3,0.477121255
39,14,"13,318",4.124439011
39,15,"8,189",3.913230871
39,16,"11,405",4.05709529
39,17,363,2.559906625
39,61,151,2.178976947
39,18,151,2.178976947
39,19,879,2.943988875
39,20,603,2.780317312
39,21,"1,483",3.171141151
39,22,"1,711",3.23325001
39,23,"4,451",3.648457594
39,24,"2,108",3.323870607
39,48,72,1.857332496
39,56,18,1.255272505
39,25,"2,073",3.316599302
39,53,5,0.698970004
39,26,753,2.876794976
39,27,647,2.810904281
39,28,510,2.707570176
39,44,581,2.764176132
39,58,7,0.84509804
39,29,986,2.993876915
39,30,355,2.550228353
39,49,14,1.146128036
39,31,"7,915",3.898450919
39,32,"24,948",4.397035735
39,59,13,1.113943352
39,51,305,2.484299839
39,45,165,2.217483944
39,33,"4,705",3.672559628
39,34,833,2.920645001
39,35,441,2.644438589
39,36,"3,616",3.558228422
39,60,"1,957",3.291590826
39,50,70,1.84509804
39,37,393,2.59439255
39,38,170,2.230448921
39,41,603,2.780317312
39,46,672,2.827369273
39,40,"1,876",3.273232834
39,42,"12,171",4.085326262
39,47,203,2.307496038
41,0,"4,447",3.648067129
41,1,461,2.663700925
41,43,527,2.721810615
41,2,979,2.990782692
41,3,123,2.089905111
41,4,"4,075",3.610127613
41,54,43,1.633468456
41,55,2,0.301029996
41,57,418,2.621176282
41,5,"5,513",3.741387992
41,6,862,2.935507266
41,7,"117,663",5.070639917
41,8,25,1.397940009
41,9,825,2.916453949
41,10,"7,645",3.88337749
41,11,445,2.648360011
41,12,"1,194",3.077004327
41,13,111,2.045322979
41,52,32,1.505149978
41,14,440,2.643452676
41,15,"2,689",3.429590802
41,16,"4,671",3.669409867
41,17,140,2.146128036
41,61,"8,032",3.9048237
41,18,48,1.681241237
41,19,591,2.771587481
41,20,"3,725",3.571126277
41,21,"3,546",3.549738731
41,22,537,2.729974286
41,23,"2,135",3.329397879
41,24,"23,374",4.36873304
41,48,50,1.698970004
41,56,6,0.77815125
41,25,"13,505",4.130494589
41,53,189,2.276461804
41,26,46,1.662757832
41,27,29,1.462397998
41,28,36,1.556302501
41,44,"5,675",3.753965866
41,58,11,1.041392685
41,29,"6,479",3.81150798
41,30,31,1.491361694
41,49,17,1.230448921
41,31,"2,161",3.334654767
41,32,803,2.904715545
41,59,30,1.477121255
41,51,307,2.487138375
41,45,"4,893",3.689575216
41,33,"1,331",3.124178055
41,34,150,2.176091259
41,35,158,2.198657087
41,36,965,2.984527313
41,60,"13,600",4.133538908
41,50,424,2.627365857
41,37,348,2.541579244
41,38,84,1.924279286
41,39,683,2.834420704
41,46,"4,530",3.656098202
41,40,"2,399",3.380030248
41,42,"34,358",4.536027875
41,47,"8,810",3.944975908
46,0,"13,011",4.114310677
46,1,247,2.392696953
46,43,"10,617",4.026001817
46,2,"2,042",3.310055738
46,3,39,1.591064607
46,4,"2,188",3.340047318
46,54,207,2.315970345
46,55,37,1.568201724
46,57,"1,889",3.276231958
46,5,"1,796",3.254306332
46,6,"3,473",3.540704783
46,7,"23,638",4.373610728
46,8,102,2.008600172
46,9,514,2.710963119
46,10,"5,019",3.700617196
46,11,529,2.723455672
46,12,"1,045",3.01911629
46,13,62,1.792391689
46,52,57,1.755874856
46,14,269,2.42975228
46,15,"2,059",3.313656347
46,16,"6,513",3.813781078
46,17,97,1.986771734
46,61,"2,953",3.470263447
46,18,30,1.477121255
46,19,370,2.568201724
46,20,"11,773",4.070887144
46,21,"5,404",3.73271534
46,22,"1,355",3.131939295
46,23,"2,200",3.342422681
46,24,"27,394",4.437655451
46,48,97,1.986771734
46,56,12,1.079181246
46,25,"5,426",3.734479789
46,53,"1,136",3.055378331
46,26,54,1.73239376
46,27,23,1.361727836
46,28,34,1.531478917
46,44,"8,357",3.922050402
46,58,119,2.075546961
46,29,"1,268",3.103119254
46,30,21,1.322219295
46,49,40,1.602059991
46,31,"4,255",3.628899564
46,32,724,2.859738566
46,59,189,2.276461804
46,51,"1,162",3.065206128
46,45,"6,178",3.790847904
46,33,388,2.588831726
46,34,146,2.164352856
46,35,143,2.155336037
46,36,825,2.916453949
46,60,"5,380",3.730782276
46,50,673,2.828015064
46,37,128,2.10720997
46,38,50,1.698970004
46,39,501,2.699837726
46,41,"3,938",3.595275712
46,40,801,2.903632516
46,42,"15,594",4.19295753
46,47,"8,730",3.941014244
40,0,"1,037",3.015778756
40,1,"1,489",3.172894698
40,43,111,2.045322979
40,2,"3,622",3.558948446
40,3,"2,595",3.414137362
40,4,"1,492",3.173768823
40,54,9,0.954242509
40,55,1,0
40,57,5,0.698970004
40,5,"2,119",3.326130957
40,6,"1,571",3.196176185
40,7,"3,407",3.532372134
40,8,13,1.113943352
40,9,"1,461",3.164650216
40,10,"24,976",4.397522886
40,11,"1,449",3.161068385
40,12,"7,497",3.874887511
40,13,228,2.357934847
40,52,1,0
40,14,626,2.796574333
40,15,"10,604",4.025469719
40,16,"12,576",4.099542529
40,17,"1,554",3.191451014
40,61,138,2.139879086
40,18,396,2.597695186
40,19,"1,045",3.01911629
40,20,996,2.998259338
40,21,"1,269",3.103461622
40,22,886,2.947433722
40,23,"9,959",3.998215732
40,24,837,2.922725458
40,48,616,2.789580712
40,56,250,2.397940009
40,25,785,2.894869657
40,53,4,0.602059991
40,26,362,2.558708571
40,27,117,2.068185862
40,28,268,2.428134794
40,44,132,2.120573931
40,58,11,1.041392685
40,29,"1,169",3.067814511
40,30,424,2.627365857
40,49,31,1.491361694
40,31,"3,836",3.583878598
40,32,"1,206",3.081347308
40,59,12,1.079181246
40,51,232,2.365487985
40,45,120,2.079181246
40,33,"4,201",3.623352682
40,34,783,2.893761762
40,35,"3,795",3.57921178
40,36,"11,593",4.064195836
40,60,"1,238",3.092720645
40,50,55,1.740362689
40,37,770,2.886490725
40,38,842,2.925312091
40,39,"1,955",3.291146762
40,41,252,2.401400541
40,46,369,2.567026366
40,42,"10,223",4.009578361
40,47,120,2.079181246
42,0,"26,870",4.429267666
42,1,"3,533",3.548143637
42,43,"1,347",3.129367596
42,2,"30,790",4.488409689
42,3,528,2.722633923
42,4,"32,090",4.506369717
42,54,459,2.661812686
42,55,12,1.079181246
42,57,236,2.372912003
42,5,"272,100",5.434728542
42,6,"13,638",4.134750686
42,7,"105,057",5.021424995
42,8,158,2.198657087
42,9,"2,994",3.476251796
42,10,"79,052",4.897912862
42,11,"6,677",3.824581376
42,12,"10,146",4.006294858
42,13,251,2.399673721
42,52,88,1.944482672
42,14,"6,342",3.802226238
42,15,"55,843",4.746968741
42,16,"68,831",4.837784079
42,17,"1,825",3.261262869
42,61,"19,166",4.282531484
42,18,429,2.632457292
42,19,"3,346",3.524525937
42,20,"5,583",3.746867628
42,21,"16,363",4.21386293
42,22,"74,458",4.871911367
42,23,"17,915",4.253216813
42,24,"60,802",4.783917865
42,48,"5,865",3.768268016
42,56,209,2.320146286
42,25,"45,573",4.658707618
42,53,167,2.222716471
42,26,434,2.63748973
42,27,"25,623",4.408629977
42,28,245,2.389166084
42,44,"14,343",4.156639998
42,58,73,1.86332286
42,29,"179,097",5.253088311
42,30,319,2.503790683
42,49,319,2.503790683
42,31,"46,968",4.671802067
42,32,"7,200",3.857332496
42,59,100,2
42,51,"1,923",3.283979284
42,45,"8,151",3.911210893
42,33,"5,109",3.708335903
42,34,"1,456",3.163161375
42,35,"1,192",3.076276255
42,36,"5,450",3.736396502
42,60,"33,586",4.526158284
42,50,664,2.822168079
42,37,679,2.831869774
42,38,357,2.552668216
42,39,"12,995",4.113776284
42,41,"15,386",4.187125728
42,46,"10,964",4.039969027
42,40,"7,512",3.875755579
42,47,"5,917",3.772101569
47,0,"7,542",3.877486528
47,1,474,2.675778342
47,43,374,2.572871602
47,2,"2,369",3.374565061
47,3,49,1.69019608
47,4,"1,661",3.220369632
47,54,25,1.397940009
47,55,5,0.698970004
47,57,"1,666",3.221674997
47,5,"1,913",3.28171497
47,6,705,2.848189117
47,7,"14,341",4.156579436
47,8,32,1.505149978
47,9,328,2.515873844
47,10,"5,018",3.700530657
47,11,454,2.657055853
47,12,"2,113",3.324899497
47,13,25,1.397940009
47,52,13,1.113943352
47,14,128,2.10720997
47,15,"2,107",3.323664536
47,16,"3,869",3.58759873
47,17,79,1.897627091
47,61,"1,023",3.009875634
47,18,30,1.477121255
47,19,62,1.792391689
47,20,"3,457",3.53869938
47,21,"1,863",3.270212855
47,22,283,2.451786436
47,23,"1,937",3.287129621
47,24,"18,195",4.25995206
47,48,103,2.012837225
47,56,10,1
47,25,"7,672",3.884908594
47,53,684,2.835056102
47,26,61,1.785329835
47,27,46,1.662757832
47,28,76,1.880813592
47,44,"3,081",3.488691698
47,58,27,1.431363764
47,29,899,2.953759692
47,30,7,0.84509804
47,49,20,1.301029996
47,31,"3,265",3.513883186
47,32,338,2.5289167
47,59,77,1.886490725
47,51,218,2.338456494
47,45,"2,894",3.461498527
47,33,595,2.774516966
47,34,161,2.206825876
47,35,123,2.089905111
47,36,984,2.992995098
47,60,"1,516",3.180699201
47,50,352,2.546542663
47,37,341,2.532754379
47,38,102,2.008600172
47,39,493,2.692846919
47,41,"2,494",3.396896449
47,46,"3,248",3.511616021
47,40,"1,047",3.019946682
47,42,"19,924",4.299376533
